Order_ID,Time_of_Day,Traffic_Level,Weather,Vehicle_Type,Distance_km,Preparation_Time_min,Courier_Experience_yrs,Delivery_Time_min,Move_Time,Delayed,Delay_Over,Distance,PrepTime,Experience
522,Afternoon,Low,Windy,Scooter,7.93,12,1.0,43,31,False,0,7-12km,11-20m,<=1y
738,Evening,Medium,Clear,Bike,16.42,20,2.0,84,64,True,24,12km+,11-20m,1-3y
741,Night,Low,Foggy,Scooter,9.52,28,1.0,59,31,False,0,7-12km,21-30m,<=1y
661,Afternoon,Medium,Rainy,Scooter,7.44,5,1.0,37,32,False,0,7-12km,<=10m,<=1y
412,Morning,Low,Clear,Bike,19.03,16,5.0,68,52,True,8,12km+,11-20m,3-5y
679,Evening,Low,Clear,Scooter,19.4,8,9.0,57,49,False,0,12km+,<=10m,5y+
627,Unknown,Low,Clear,Bike,9.52,12,1.0,49,37,False,0,7-12km,11-20m,<=1y
514,Evening,Medium,Clear,Scooter,17.39,5,6.0,46,41,False,0,12km+,<=10m,5y+
860,Evening,Low,Snowy,Car,1.78,20,6.0,35,15,False,0,0-3km,11-20m,5y+
137,Evening,Low,Foggy,Scooter,10.62,29,1.0,73,44,True,13,7-12km,21-30m,<=1y
812,Afternoon,Medium,Snowy,Car,16.86,13,4.0,88,75,True,28,12km+,11-20m,3-5y
77,Night,Low,Clear,Bike,15.54,29,1.0,76,47,True,16,12km+,21-30m,<=1y
637,Night,High,Clear,Bike,10.89,12,5.0,53,41,False,0,7-12km,11-20m,3-5y
974,Evening,Medium,Rainy,Scooter,4.69,12,7.0,36,24,False,0,3-7km,11-20m,5y+
939,Morning,High,Clear,Scooter,2.8,10,5.0,33,23,False,0,0-3km,<=10m,3-5y
900,Evening,Low,Snowy,Car,2.17,15,3.0,35,20,False,0,0-3km,11-20m,1-3y
281,Afternoon,Low,Rainy,Bike,17.86,5,1.0,50,45,False,0,12km+,<=10m,<=1y
884,Morning,Low,Snowy,Bike,2.53,6,8.0,24,18,False,0,0-3km,<=10m,5y+
762,Evening,Low,Foggy,Car,6.58,6,7.0,27,21,False,0,3-7km,<=10m,5y+
320,Evening,Medium,Clear,Scooter,5.38,26,1.0,47,21,False,0,3-7km,21-30m,<=1y
550,Afternoon,Low,Rainy,Scooter,15.56,28,0.0,72,44,True,12,12km+,21-30m,
175,Morning,Low,Rainy,Car,13.08,16,4.0,58,42,False,0,12km+,11-20m,3-5y
372,Afternoon,High,Clear,Bike,0.86,26,5.0,37,11,False,0,0-3km,21-30m,3-5y
528,Evening,High,Clear,Car,5.83,27,9.0,56,29,False,0,3-7km,21-30m,5y+
211,Morning,Medium,Clear,Bike,11.2,23,5.0,73,50,True,13,7-12km,21-30m,3-5y
236,Morning,Medium,Clear,Bike,14.59,15,6.0,64,49,True,4,12km+,11-20m,5y+
102,Evening,Medium,Windy,Bike,12.91,11,6.0,56,45,False,0,12km+,11-20m,5y+
987,Morning,Low,Snowy,Scooter,13.92,18,4.0,70,52,True,10,12km+,11-20m,3-5y
903,Night,Low,Snowy,Bike,4.04,11,9.0,70,59,True,10,3-7km,11-20m,5y+
948,Evening,Medium,Clear,Scooter,18.05,10,7.0,123,113,True,63,12km+,<=10m,5y+
347,Morning,Medium,Clear,Scooter,12.88,8,5.0,52,44,False,0,12km+,<=10m,3-5y
140,Morning,High,Rainy,Scooter,19.45,20,6.0,108,88,True,48,12km+,11-20m,5y+
622,Morning,High,Clear,Scooter,4.58,22,9.0,45,23,False,0,3-7km,21-30m,5y+
500,Evening,Medium,Foggy,Bike,19.73,27,4.0,111,84,True,51,12km+,21-30m,3-5y
371,Morning,Medium,Windy,Bike,2.47,27,2.0,44,17,False,0,0-3km,21-30m,1-3y
199,Morning,Medium,Snowy,Bike,17.8,16,9.0,73,57,True,13,12km+,11-20m,5y+
688,Afternoon,Medium,Clear,Bike,5.96,22,7.0,45,23,False,0,3-7km,21-30m,5y+
585,Afternoon,Medium,Windy,Scooter,12.85,18,7.0,61,43,True,1,12km+,11-20m,5y+
902,Afternoon,Medium,Clear,Bike,1.02,25,4.0,34,9,False,0,0-3km,21-30m,3-5y
60,Night,Medium,Rainy,Car,6.84,14,8.0,47,33,False,0,3-7km,11-20m,5y+
329,Morning,Medium,Rainy,Bike,8.68,8,5.0,52,44,False,0,7-12km,<=10m,3-5y
97,Night,Medium,Clear,Bike,10.69,25,9.0,67,42,True,7,7-12km,21-30m,5y+
313,Evening,Medium,Unknown,Bike,0.99,15,5.0,32,17,False,0,0-3km,11-20m,3-5y
975,Morning,Low,Clear,Bike,1.11,5,6.0,8,3,False,0,0-3km,<=10m,5y+
300,Evening,Low,Snowy,Scooter,2.16,15,0.0,36,21,False,0,0-3km,11-20m,
278,Afternoon,Medium,Windy,Bike,13.17,16,4.0,67,51,True,7,12km+,11-20m,3-5y
925,Night,Low,Snowy,Bike,8.79,14,6.0,43,29,False,0,7-12km,11-20m,5y+
602,Afternoon,Low,Clear,Scooter,5.93,19,3.0,36,17,False,0,3-7km,11-20m,1-3y
440,Night,Low,Rainy,Bike,2.09,23,2.0,36,13,False,0,0-3km,21-30m,1-3y
838,Morning,Low,Clear,Bike,7.57,21,0.0,56,35,False,0,7-12km,21-30m,
571,Afternoon,Medium,Rainy,Scooter,10.52,8,4.0,56,48,False,0,7-12km,<=10m,3-5y
880,Morning,Low,Rainy,Car,4.83,25,9.0,47,22,False,0,3-7km,21-30m,5y+
262,Afternoon,Medium,Snowy,Car,19.81,20,5.0,104,84,True,44,12km+,11-20m,3-5y
579,Evening,Low,Rainy,Car,10.1,8,4.0,50,42,False,0,7-12km,<=10m,3-5y
24,Afternoon,Low,Windy,Car,7.64,10,8.0,31,21,False,0,7-12km,<=10m,5y+
31,Morning,Low,Clear,Scooter,12.35,10,6.0,35,25,False,0,12km+,<=10m,5y+
618,Evening,Low,Rainy,Car,5.9,26,9.0,44,18,False,0,3-7km,21-30m,5y+
11,Afternoon,Low,Clear,Bike,0.9,20,8.0,23,3,False,0,0-3km,11-20m,5y+
222,Morning,Medium,Clear,Scooter,11.58,16,2.0,61,45,True,1,7-12km,11-20m,1-3y
821,Afternoon,High,Clear,Bike,16.16,11,1.0,82,71,True,22,12km+,11-20m,<=1y
297,Evening,Low,Clear,Bike,15.51,17,9.0,69,52,True,9,12km+,11-20m,5y+
55,Evening,High,Windy,Scooter,12.16,11,0.0,69,58,True,9,12km+,11-20m,
543,Morning,High,Rainy,Bike,4.96,21,0.0,60,39,False,0,3-7km,21-30m,
210,Evening,High,Windy,Bike,3.64,17,6.0,40,23,False,0,3-7km,11-20m,5y+
605,Morning,Low,Clear,Scooter,2.85,26,0.0,38,12,False,0,0-3km,21-30m,
693,Evening,Low,Clear,Bike,10.4,16,4.0,52,36,False,0,7-12km,11-20m,3-5y
663,Morning,Low,Windy,Bike,12.31,29,4.0,68,39,True,8,12km+,21-30m,3-5y
867,Afternoon,Medium,Clear,Bike,3.53,13,7.0,31,18,False,0,3-7km,11-20m,5y+
71,Evening,Medium,Clear,Bike,15.56,14,3.0,54,40,False,0,12km+,11-20m,1-3y
544,Afternoon,Medium,Clear,Bike,13.6,27,0.0,87,60,True,27,12km+,21-30m,
108,Morning,High,Snowy,Bike,15.23,5,0.0,62,57,True,2,12km+,<=10m,
494,Evening,Low,Unknown,Scooter,4.17,5,1.0,22,17,False,0,3-7km,<=10m,<=1y
591,Night,High,Rainy,Scooter,3.21,16,0.0,42,26,False,0,3-7km,11-20m,
742,Evening,Low,Snowy,Bike,6.38,16,1.0,111,95,True,51,3-7km,11-20m,<=1y
293,Afternoon,Low,Rainy,Scooter,16.54,6,7.0,51,45,False,0,12km+,<=10m,5y+
290,Morning,Low,Clear,Car,12.02,9,7.0,41,32,False,0,12km+,<=10m,5y+
653,Evening,Low,Clear,Bike,11.94,20,3.0,69,49,True,9,7-12km,11-20m,1-3y
40,Afternoon,Low,Clear,Scooter,9.08,14,5.0,49,35,False,0,7-12km,11-20m,3-5y
590,Morning,Medium,Snowy,Scooter,3.46,23,3.0,48,25,False,0,3-7km,21-30m,1-3y
308,Morning,Medium,Foggy,Scooter,6.8,13,7.0,46,33,False,0,3-7km,11-20m,5y+
680,Afternoon,Medium,Rainy,Scooter,17.38,11,2.0,92,81,True,32,12km+,11-20m,1-3y
67,Morning,Low,Clear,Bike,3.25,23,7.0,32,9,False,0,3-7km,21-30m,5y+
276,Evening,Medium,Clear,Scooter,10.28,29,3.0,71,42,True,11,7-12km,21-30m,1-3y
68,Night,Low,Clear,Car,16.14,6,9.0,65,59,True,5,12km+,<=10m,5y+
319,Evening,Medium,Clear,Bike,3.55,23,0.0,43,20,False,0,3-7km,21-30m,
549,Afternoon,Unknown,Clear,Scooter,10.65,23,8.0,58,35,False,0,7-12km,21-30m,5y+
999,Afternoon,Low,Clear,Car,19.03,26,5.0,68,42,True,8,12km+,21-30m,3-5y
715,Night,Low,Clear,Scooter,7.3,14,7.0,28,14,False,0,7-12km,11-20m,5y+
754,Evening,Low,Clear,Scooter,7.03,21,1.0,44,23,False,0,7-12km,21-30m,<=1y
328,Afternoon,Low,Snowy,Car,12.43,12,0.0,70,58,True,10,12km+,11-20m,
383,Morning,High,Windy,Scooter,12.76,27,5.0,74,47,True,14,12km+,21-30m,3-5y
452,Evening,High,Rainy,Scooter,11.39,14,1.0,72,58,True,12,7-12km,11-20m,<=1y
523,Morning,Low,Clear,Car,19.41,7,3.0,48,41,False,0,12km+,<=10m,1-3y
219,Evening,High,Rainy,Scooter,13.17,17,8.0,69,52,True,9,12km+,11-20m,5y+
788,Afternoon,Low,Rainy,Car,8.32,12,2.0,49,37,False,0,7-12km,11-20m,1-3y
437,Unknown,Low,Clear,Bike,1.92,8,7.0,14,6,False,0,0-3km,<=10m,5y+
765,Afternoon,Low,Clear,Scooter,1.15,26,4.0,30,4,False,0,0-3km,21-30m,3-5y
89,Afternoon,High,Windy,Car,17.8,12,9.0,73,61,True,13,12km+,11-20m,5y+
64,Evening,Medium,Clear,Bike,7.46,8,5.0,42,34,False,0,7-12km,<=10m,3-5y
827,Afternoon,Medium,Clear,Scooter,7.25,18,4.0,45,27,False,0,7-12km,11-20m,3-5y
717,Afternoon,Medium,Clear,Scooter,16.7,28,1.0,76,48,True,16,12km+,21-30m,<=1y
352,Afternoon,High,Rainy,Scooter,17.2,14,2.0,94,80,True,34,12km+,11-20m,1-3y
937,Afternoon,Medium,Clear,Car,0.86,21,7.0,28,7,False,0,0-3km,21-30m,5y+
257,Evening,Medium,Clear,Car,18.76,15,2.0,80,65,True,20,12km+,11-20m,1-3y
636,Afternoon,Medium,Clear,Car,9.22,18,9.0,57,39,False,0,7-12km,11-20m,5y+
645,Evening,Low,Clear,Scooter,2.84,24,2.0,35,11,False,0,0-3km,21-30m,1-3y
555,Morning,Low,Clear,Bike,17.59,24,6.0,69,45,True,9,12km+,21-30m,5y+
960,Morning,High,Snowy,Scooter,14.89,17,6.0,87,70,True,27,12km+,11-20m,5y+
169,Evening,Medium,Clear,Bike,1.3,22,4.0,31,9,False,0,0-3km,21-30m,3-5y
918,Afternoon,High,Rainy,Bike,18.99,10,6.0,70,60,True,10,12km+,<=10m,5y+
529,Night,Low,Foggy,Scooter,1.6,24,5.0,37,13,False,0,0-3km,21-30m,3-5y
824,Afternoon,Low,Snowy,Bike,8.26,15,1.0,57,42,False,0,7-12km,11-20m,<=1y
986,Night,High,Clear,Bike,10.16,12,5.0,52,40,False,0,7-12km,11-20m,3-5y
817,Unknown,Medium,Clear,Car,12.03,20,5.0,65,45,True,5,12km+,11-20m,3-5y
87,Afternoon,Low,Rainy,Bike,14.73,24,6.0,74,50,True,14,12km+,21-30m,5y+
433,Evening,High,Clear,Bike,12.56,17,5.0,69,52,True,9,12km+,11-20m,3-5y
185,Afternoon,Medium,Clear,Bike,5.53,19,1.0,44,25,False,0,3-7km,11-20m,<=1y
979,Morning,Medium,Foggy,Bike,10.18,25,3.0,73,48,True,13,7-12km,21-30m,1-3y
535,Morning,Medium,Clear,Scooter,15.5,28,9.0,91,63,True,31,12km+,21-30m,5y+
295,Night,Unknown,Foggy,Bike,2.98,11,2.0,27,16,False,0,0-3km,11-20m,1-3y
893,Evening,Medium,Foggy,Scooter,16.69,8,2.0,65,57,True,5,12km+,<=10m,1-3y
426,Evening,High,Windy,Bike,11.22,25,5.0,79,54,True,19,7-12km,21-30m,3-5y
714,Evening,Low,Clear,Scooter,8.53,8,2.0,41,33,False,0,7-12km,<=10m,1-3y
261,Morning,Medium,Clear,Bike,12.49,25,4.0,77,52,True,17,12km+,21-30m,3-5y
238,Night,Low,Clear,Scooter,0.97,24,8.0,26,2,False,0,0-3km,21-30m,5y+
560,Afternoon,Medium,Windy,Car,12.6,8,6.0,58,50,False,0,12km+,<=10m,5y+
584,Evening,Medium,Clear,Scooter,6.91,28,9.0,56,28,False,0,3-7km,21-30m,5y+
446,Evening,Low,Clear,Car,18.97,25,4.0,141,116,True,81,12km+,21-30m,3-5y
868,Evening,Medium,Clear,Bike,4.05,20,5.0,44,24,False,0,3-7km,11-20m,3-5y
801,Morning,Medium,Windy,Bike,14.29,14,7.0,78,64,True,18,12km+,11-20m,5y+
600,Evening,Low,Foggy,Bike,1.3,19,5.0,29,10,False,0,0-3km,11-20m,3-5y
850,Morning,Low,Rainy,Bike,12.11,9,5.0,59,50,False,0,12km+,<=10m,3-5y
266,Morning,Medium,Clear,Bike,14.94,11,0.0,62,51,True,2,12km+,11-20m,
996,Afternoon,High,Rainy,Car,2.29,8,8.0,80,72,True,20,0-3km,<=10m,5y+
530,Afternoon,High,Rainy,Bike,17.36,24,1.0,105,81,True,45,12km+,21-30m,<=1y
56,Night,Medium,Clear,Bike,18.48,8,0.0,82,74,True,22,12km+,<=10m,
121,Morning,High,Foggy,Bike,16.25,10,5.0,91,81,True,31,12km+,<=10m,3-5y
216,Morning,Low,Clear,Car,5.13,15,4.0,30,15,False,0,3-7km,11-20m,3-5y
26,Unknown,Low,Clear,Car,15.81,25,1.0,92,67,True,32,12km+,21-30m,<=1y
73,Afternoon,Low,Clear,Scooter,0.61,10,0.0,16,6,False,0,0-3km,<=10m,
45,Evening,High,Foggy,Bike,5.55,18,1.0,116,98,True,56,3-7km,11-20m,<=1y
248,Unknown,High,Clear,Bike,19.35,12,7.0,75,63,True,15,12km+,11-20m,5y+
722,Evening,Medium,Clear,Bike,4.03,9,5.0,25,16,False,0,3-7km,<=10m,3-5y
282,Morning,Low,Snowy,Scooter,7.09,13,8.0,37,24,False,0,7-12km,11-20m,5y+
894,Afternoon,Medium,Clear,Bike,8.25,7,9.0,28,21,False,0,7-12km,<=10m,5y+
915,Night,Low,Clear,Bike,11.26,5,6.0,49,44,False,0,7-12km,<=10m,5y+
811,Evening,Low,Rainy,Bike,19.7,10,2.0,60,50,False,0,12km+,<=10m,1-3y
245,Evening,High,Snowy,Bike,0.8,14,9.0,36,22,False,0,0-3km,11-20m,5y+
823,Evening,Medium,Rainy,Bike,7.0,17,9.0,49,32,False,0,3-7km,11-20m,5y+
322,Morning,Medium,Clear,Car,14.43,14,4.0,113,99,True,53,12km+,11-20m,3-5y
644,Afternoon,Medium,Rainy,Bike,6.89,11,6.0,43,32,False,0,3-7km,11-20m,5y+
159,Evening,Medium,Foggy,Car,5.13,25,1.0,60,35,False,0,3-7km,21-30m,<=1y
978,Afternoon,Low,Clear,Bike,1.5,10,1.0,17,7,False,0,0-3km,<=10m,<=1y
430,Afternoon,High,Unknown,Scooter,2.78,9,0.0,41,32,False,0,0-3km,<=10m,
942,Evening,Medium,Clear,Bike,11.31,7,0.0,54,47,False,0,7-12km,<=10m,
463,Evening,Medium,Clear,Car,15.05,12,2.0,66,54,True,6,12km+,11-20m,1-3y
310,Afternoon,Low,Foggy,Scooter,5.78,9,9.0,33,24,False,0,3-7km,<=10m,5y+
698,Evening,Low,Clear,Scooter,11.83,9,7.0,32,23,False,0,7-12km,<=10m,5y+
61,Morning,Low,Foggy,Bike,8.08,25,2.0,61,36,True,1,7-12km,21-30m,1-3y
885,Evening,Low,Clear,Bike,16.1,25,0.0,64,39,True,4,12km+,21-30m,
596,Evening,Medium,Rainy,Scooter,9.74,7,8.0,37,30,False,0,7-12km,<=10m,5y+
768,Afternoon,Low,Clear,Bike,17.6,27,3.0,69,42,True,9,12km+,21-30m,1-3y
650,Night,Medium,Snowy,Bike,10.22,18,1.0,68,50,True,8,7-12km,11-20m,<=1y
651,Evening,Low,Clear,Bike,2.19,26,3.0,32,6,False,0,0-3km,21-30m,1-3y
866,Afternoon,Medium,Windy,Scooter,11.41,17,4.0,68,51,True,8,7-12km,11-20m,3-5y
669,Morning,Medium,Clear,Scooter,4.14,14,2.0,30,16,False,0,3-7km,11-20m,1-3y
299,Afternoon,Low,Rainy,Bike,12.65,18,8.0,60,42,False,0,12km+,11-20m,5y+
690,Morning,Medium,Unknown,Car,4.15,17,8.0,46,29,False,0,3-7km,11-20m,5y+
315,Morning,High,Unknown,Car,16.8,19,4.0,85,66,True,25,12km+,11-20m,3-5y
311,Evening,Medium,Clear,Bike,9.06,23,4.0,47,24,False,0,7-12km,21-30m,3-5y
362,Morning,Medium,Clear,Scooter,13.04,20,6.0,65,45,True,5,12km+,11-20m,5y+
480,Afternoon,Medium,Clear,Scooter,10.7,8,5.0,44,36,False,0,7-12km,<=10m,3-5y
111,Evening,Low,Foggy,Scooter,6.15,26,5.0,48,22,False,0,3-7km,21-30m,3-5y
990,Evening,High,Snowy,Scooter,16.47,20,9.0,75,55,True,15,12km+,11-20m,5y+
487,Afternoon,Medium,Clear,Bike,1.39,15,4.0,24,9,False,0,0-3km,11-20m,3-5y
364,Morning,Medium,Rainy,Scooter,11.14,7,3.0,47,40,False,0,7-12km,<=10m,1-3y
255,Afternoon,High,Rainy,Bike,3.81,5,6.0,31,26,False,0,3-7km,<=10m,5y+
260,Evening,Medium,Rainy,Bike,2.39,27,7.0,43,16,False,0,0-3km,21-30m,5y+
803,Evening,High,Clear,Car,11.74,6,3.0,54,48,False,0,7-12km,<=10m,1-3y
678,Unknown,Low,Clear,Car,8.26,21,4.0,80,59,True,20,7-12km,21-30m,3-5y
495,Evening,Medium,Rainy,Scooter,9.54,11,5.0,47,36,False,0,7-12km,11-20m,3-5y
671,Morning,Medium,Clear,Bike,3.88,16,2.0,35,19,False,0,3-7km,11-20m,1-3y
378,Morning,Medium,Rainy,Car,0.95,27,0.0,44,17,False,0,0-3km,21-30m,
527,Night,Low,Clear,Scooter,8.59,17,8.0,36,19,False,0,7-12km,11-20m,5y+
846,Evening,Low,Clear,Bike,8.59,22,2.0,43,21,False,0,7-12km,21-30m,1-3y
138,Evening,Medium,Clear,Bike,14.21,24,5.0,58,34,False,0,12km+,21-30m,3-5y
356,Morning,Low,Foggy,Scooter,13.03,9,1.0,50,41,False,0,12km+,<=10m,<=1y
366,Evening,Low,Clear,Scooter,8.03,14,8.0,42,28,False,0,7-12km,11-20m,5y+
943,Morning,Low,Snowy,Car,13.2,14,3.0,62,48,True,2,12km+,11-20m,1-3y
750,Evening,Medium,Clear,Car,12.67,10,3.0,65,55,True,5,12km+,<=10m,1-3y
949,Morning,Unknown,Clear,Car,17.54,16,8.0,54,38,False,0,12km+,11-20m,5y+
830,Morning,Low,Clear,Scooter,9.32,6,5.0,30,24,False,0,7-12km,<=10m,3-5y
657,Afternoon,High,Rainy,Car,6.03,8,6.0,46,38,False,0,3-7km,<=10m,5y+
200,Afternoon,Low,Clear,Scooter,15.71,28,5.0,69,41,True,9,12km+,21-30m,3-5y
214,Evening,High,Snowy,Bike,4.87,16,7.0,54,38,False,0,3-7km,11-20m,5y+
409,Morning,High,Rainy,Bike,18.15,22,7.0,108,86,True,48,12km+,21-30m,5y+
333,Morning,Medium,Clear,Bike,0.78,6,1.0,17,11,False,0,0-3km,<=10m,<=1y
209,Afternoon,Low,Clear,Bike,0.6,26,3.0,30,4,False,0,0-3km,21-30m,1-3y
614,Evening,Medium,Clear,Bike,2.09,5,5.0,16,11,False,0,0-3km,<=10m,3-5y
79,Morning,Unknown,Clear,Scooter,7.49,13,9.0,45,32,False,0,7-12km,11-20m,5y+
30,Evening,Medium,Foggy,Bike,1.41,15,0.0,72,57,True,12,0-3km,11-20m,
536,Morning,High,Clear,Scooter,18.92,27,4.0,100,73,True,40,12km+,21-30m,3-5y
696,Morning,Medium,Clear,Car,12.41,10,1.0,51,41,False,0,12km+,<=10m,<=1y
558,Afternoon,Low,Unknown,Scooter,1.06,19,6.0,21,2,False,0,0-3km,11-20m,5y+
837,Night,High,Clear,Bike,18.34,9,4.0,92,83,True,32,12km+,<=10m,3-5y
597,Morning,Low,Clear,Scooter,13.52,27,1.0,82,55,True,22,12km+,21-30m,<=1y
166,Afternoon,High,Foggy,Bike,16.79,24,6.0,85,61,True,25,12km+,21-30m,5y+
919,Evening,Medium,Clear,Scooter,15.39,24,5.0,89,65,True,29,12km+,21-30m,3-5y
496,Morning,Medium,Rainy,Scooter,7.39,25,6.0,60,35,False,0,7-12km,21-30m,5y+
825,Morning,Low,Rainy,Scooter,10.98,10,6.0,55,45,False,0,7-12km,<=10m,5y+
66,Morning,Medium,Snowy,Bike,11.08,9,0.0,57,48,False,0,7-12km,<=10m,
142,Night,Medium,Clear,Bike,5.41,14,5.0,36,22,False,0,3-7km,11-20m,3-5y
926,Morning,High,Clear,Bike,0.94,9,6.0,21,12,False,0,0-3km,<=10m,5y+
828,Afternoon,Low,Windy,Bike,7.27,10,5.0,35,25,False,0,7-12km,<=10m,3-5y
656,Morning,Medium,Windy,Bike,2.99,27,5.0,41,14,False,0,0-3km,21-30m,3-5y
332,Evening,Low,Snowy,Bike,15.28,16,5.0,72,56,True,12,12km+,11-20m,3-5y
665,Afternoon,Medium,Windy,Car,2.48,14,6.0,27,13,False,0,0-3km,11-20m,5y+
250,Evening,Low,Rainy,Car,17.13,19,1.0,71,52,True,11,12km+,11-20m,<=1y
908,Afternoon,Low,Clear,Bike,7.17,15,7.0,32,17,False,0,7-12km,11-20m,5y+
709,Morning,Low,Rainy,Car,5.47,21,6.0,38,17,False,0,3-7km,21-30m,5y+
306,Afternoon,Low,Foggy,Bike,19.53,11,6.0,87,76,True,27,12km+,11-20m,5y+
735,Morning,High,Clear,Bike,7.5,29,1.0,66,37,True,6,7-12km,21-30m,<=1y
976,Night,Low,Windy,Bike,5.61,25,9.0,48,23,False,0,3-7km,21-30m,5y+
50,Morning,Low,Clear,Bike,4.1,21,3.0,37,16,False,0,3-7km,21-30m,1-3y
897,Morning,Medium,Rainy,Bike,6.22,15,0.0,49,34,False,0,3-7km,11-20m,
3,Morning,High,Unknown,Scooter,14.77,11,6.0,67,56,True,7,12km+,11-20m,5y+
545,Evening,Low,Windy,Bike,12.55,13,8.0,51,38,False,0,12km+,11-20m,5y+
351,Morning,Medium,Foggy,Scooter,10.31,19,5.0,62,43,True,2,7-12km,11-20m,3-5y
905,Evening,Medium,Snowy,Car,8.72,18,7.0,64,46,True,4,7-12km,11-20m,5y+
537,Morning,Medium,Clear,Bike,17.07,20,6.0,73,53,True,13,12km+,11-20m,5y+
345,Afternoon,High,Unknown,Scooter,8.27,13,5.0,58,45,False,0,7-12km,11-20m,3-5y
995,Afternoon,Low,Snowy,Bike,7.54,20,5.0,55,35,False,0,7-12km,11-20m,3-5y
482,Afternoon,High,Clear,Bike,14.07,5,8.0,67,62,True,7,12km+,<=10m,5y+
576,Afternoon,Medium,Clear,Bike,19.02,29,9.0,87,58,True,27,12km+,21-30m,5y+
34,Morning,High,Clear,Car,19.0,28,3.0,96,68,True,36,12km+,21-30m,1-3y
32,Afternoon,Medium,Rainy,Bike,3.83,12,9.0,30,18,False,0,3-7km,11-20m,5y+
232,Evening,Low,Clear,Scooter,10.3,19,8.0,48,29,False,0,7-12km,11-20m,5y+
964,Afternoon,High,Clear,Scooter,8.09,15,4.0,51,36,False,0,7-12km,11-20m,3-5y
193,Night,Medium,Clear,Bike,18.06,9,8.0,52,43,False,0,12km+,<=10m,5y+
334,Morning,Medium,Windy,Scooter,2.76,8,5.0,22,14,False,0,0-3km,<=10m,3-5y
4,Evening,Low,Snowy,Bike,12.17,20,8.0,68,48,True,8,12km+,11-20m,5y+
205,Evening,Medium,Clear,Bike,12.33,22,9.0,75,53,True,15,12km+,21-30m,5y+
515,Evening,Medium,Clear,Scooter,1.38,5,8.0,13,8,False,0,0-3km,<=10m,5y+
800,Afternoon,Low,Clear,Scooter,18.49,14,6.0,71,57,True,11,12km+,11-20m,5y+
307,Afternoon,Low,Snowy,Bike,10.57,28,9.0,59,31,False,0,7-12km,21-30m,5y+
110,Evening,High,Clear,Scooter,2.0,10,2.0,30,20,False,0,0-3km,<=10m,1-3y
431,Afternoon,Medium,Clear,Scooter,3.29,17,4.0,32,15,False,0,3-7km,11-20m,3-5y
78,Morning,Medium,Rainy,Bike,1.94,16,0.0,35,19,False,0,0-3km,11-20m,
85,Unknown,Medium,Windy,Bike,6.56,14,1.0,47,33,False,0,3-7km,11-20m,<=1y
287,Afternoon,High,Clear,Car,9.58,26,8.0,60,34,False,0,7-12km,21-30m,5y+
83,Morning,Medium,Clear,Scooter,6.95,25,2.0,58,33,False,0,3-7km,21-30m,1-3y
992,Morning,High,Clear,Scooter,14.05,19,0.0,72,53,True,12,12km+,11-20m,
790,Night,High,Rainy,Bike,18.97,20,8.0,108,88,True,48,12km+,11-20m,5y+
895,Evening,Low,Rainy,Bike,13.53,28,8.0,78,50,True,18,12km+,21-30m,5y+
399,Morning,Medium,Rainy,Bike,15.14,8,6.0,66,58,True,6,12km+,<=10m,5y+
324,Afternoon,Low,Clear,Bike,5.96,26,6.0,48,22,False,0,3-7km,21-30m,5y+
520,Morning,Medium,Windy,Bike,3.43,7,6.0,23,16,False,0,3-7km,<=10m,5y+
917,Evening,Medium,Unknown,Bike,6.24,15,3.0,52,37,False,0,3-7km,11-20m,1-3y
923,Evening,High,Rainy,Scooter,17.94,22,6.0,85,63,True,25,12km+,21-30m,5y+
6,Evening,Medium,Rainy,Bike,3.54,10,5.0,32,22,False,0,3-7km,<=10m,3-5y
732,Night,Medium,Rainy,Bike,16.38,7,5.0,90,83,True,30,12km+,<=10m,3-5y
466,Evening,Low,Clear,Bike,7.81,11,4.0,42,31,False,0,7-12km,11-20m,3-5y
98,Morning,Unknown,Clear,Bike,8.84,26,0.0,57,31,False,0,7-12km,21-30m,
267,Afternoon,Medium,Clear,Scooter,14.09,12,3.0,55,43,False,0,12km+,11-20m,1-3y
358,Afternoon,Low,Clear,Scooter,11.92,14,4.0,46,32,False,0,7-12km,11-20m,3-5y
869,Evening,Low,Clear,Scooter,17.3,9,0.0,67,58,True,7,12km+,<=10m,
799,Morning,High,Clear,Bike,14.08,28,6.0,66,38,True,6,12km+,21-30m,5y+
381,Afternoon,High,Clear,Bike,2.8,28,1.0,50,22,False,0,0-3km,21-30m,<=1y
632,Unknown,Medium,Clear,Bike,17.96,22,2.0,76,54,True,16,12km+,21-30m,1-3y
382,Afternoon,High,Clear,Bike,14.09,12,6.0,67,55,True,7,12km+,11-20m,5y+
491,Morning,Low,Clear,Bike,9.39,14,2.0,37,23,False,0,7-12km,11-20m,1-3y
119,Morning,Low,Clear,Bike,17.9,23,5.0,85,62,True,25,12km+,21-30m,3-5y
901,Afternoon,Low,Rainy,Bike,4.55,5,6.0,21,16,False,0,3-7km,<=10m,5y+
251,Afternoon,Low,Snowy,Bike,6.24,20,4.0,51,31,False,0,3-7km,11-20m,3-5y
524,Morning,Low,Clear,Scooter,16.92,29,0.0,70,41,True,10,12km+,21-30m,
10,Morning,Medium,Clear,Bike,14.31,9,8.0,47,38,False,0,12km+,<=10m,5y+
197,Unknown,Medium,Windy,Bike,14.66,20,2.0,77,57,True,17,12km+,11-20m,1-3y
604,Morning,Low,Clear,Bike,2.23,7,6.0,14,7,False,0,0-3km,<=10m,5y+
82,Evening,Low,Clear,Bike,12.65,15,4.0,66,51,True,6,12km+,11-20m,3-5y
784,Evening,Medium,Rainy,Bike,7.24,28,6.0,65,37,True,5,7-12km,21-30m,5y+
588,Evening,Medium,Clear,Bike,3.01,14,4.0,26,12,False,0,3-7km,11-20m,3-5y
798,Morning,Medium,Unknown,Scooter,11.52,25,2.0,58,33,False,0,7-12km,21-30m,1-3y
240,Afternoon,Low,Clear,Bike,3.95,13,5.0,25,12,False,0,3-7km,11-20m,3-5y
291,Morning,Medium,Clear,Scooter,1.09,6,2.0,17,11,False,0,0-3km,<=10m,1-3y
212,Evening,High,Clear,Scooter,13.99,7,3.0,96,89,True,36,12km+,<=10m,1-3y
718,Morning,High,Rainy,Car,19.32,21,7.0,112,91,True,52,12km+,21-30m,5y+
360,Evening,Low,Rainy,Bike,11.72,11,9.0,42,31,False,0,7-12km,11-20m,5y+
450,Morning,Low,Rainy,Scooter,2.13,9,2.0,22,13,False,0,0-3km,<=10m,1-3y
228,Afternoon,Medium,Clear,Scooter,8.17,20,9.0,44,24,False,0,7-12km,11-20m,5y+
951,Morning,High,Clear,Bike,12.21,9,4.0,57,48,False,0,12km+,<=10m,3-5y
947,Evening,Medium,Clear,Scooter,3.17,17,6.0,33,16,False,0,3-7km,11-20m,5y+
797,Afternoon,Low,Snowy,Bike,18.68,11,8.0,62,51,True,2,12km+,11-20m,5y+
502,Evening,Medium,Clear,Scooter,10.95,24,4.0,55,31,False,0,7-12km,21-30m,3-5y
465,Morning,Medium,Windy,Scooter,19.26,21,6.0,67,46,True,7,12km+,21-30m,5y+
363,Evening,Unknown,Rainy,Scooter,9.44,28,8.0,63,35,True,3,7-12km,21-30m,5y+
469,Evening,Medium,Foggy,Car,4.86,25,4.0,52,27,False,0,3-7km,21-30m,3-5y
936,Afternoon,Low,Foggy,Bike,5.81,25,8.0,51,26,False,0,3-7km,21-30m,5y+
429,Evening,Low,Rainy,Bike,7.34,22,8.0,47,25,False,0,7-12km,21-30m,5y+
8,Morning,Medium,Foggy,Bike,17.39,25,4.0,100,75,True,40,12km+,21-30m,3-5y
156,Evening,Low,Snowy,Bike,5.22,11,9.0,40,29,False,0,3-7km,11-20m,5y+
542,Evening,Medium,Clear,Scooter,12.32,17,4.0,71,54,True,11,12km+,11-20m,3-5y
441,Afternoon,Medium,Windy,Car,2.15,17,6.0,30,13,False,0,0-3km,11-20m,5y+
483,Morning,High,Rainy,Scooter,9.36,17,2.0,65,48,True,5,7-12km,11-20m,1-3y
423,Evening,Medium,Clear,Scooter,2.28,27,9.0,39,12,False,0,0-3km,21-30m,5y+
779,Evening,Medium,Clear,Bike,14.54,29,2.0,73,44,True,13,12km+,21-30m,1-3y
950,Morning,High,Clear,Car,12.15,12,6.0,63,51,True,3,12km+,11-20m,5y+
335,Evening,Low,Windy,Bike,1.4,9,9.0,17,8,False,0,0-3km,<=10m,5y+
577,Morning,High,Clear,Bike,3.37,9,5.0,28,19,False,0,3-7km,<=10m,3-5y
935,Afternoon,Medium,Rainy,Bike,3.85,26,3.0,46,20,False,0,3-7km,21-30m,1-3y
568,Unknown,Low,Clear,Bike,9.03,11,5.0,43,32,False,0,7-12km,11-20m,3-5y
595,Afternoon,Low,Snowy,Bike,17.99,15,3.0,63,48,True,3,12km+,11-20m,1-3y
531,Morning,Medium,Clear,Bike,16.35,16,0.0,66,50,True,6,12km+,11-20m,
582,Evening,High,Clear,Bike,19.61,8,6.0,72,64,True,12,12km+,<=10m,5y+
708,Morning,Low,Clear,Bike,16.29,20,1.0,72,52,True,12,12km+,11-20m,<=1y
449,Afternoon,Low,Windy,Bike,7.84,6,4.0,28,22,False,0,7-12km,<=10m,3-5y
454,Afternoon,Low,Rainy,Car,18.17,13,0.0,71,58,True,11,12km+,11-20m,
229,Unknown,Low,Windy,Bike,17.89,27,1.0,101,74,True,41,12km+,21-30m,<=1y
353,Night,Medium,Clear,Bike,13.34,20,6.0,53,33,False,0,12km+,11-20m,5y+
729,Morning,Low,Foggy,Scooter,4.43,10,1.0,63,53,True,3,3-7km,<=10m,<=1y
213,Morning,Unknown,Clear,Scooter,13.21,12,4.0,63,51,True,3,12km+,11-20m,3-5y
80,Night,Medium,Windy,Bike,2.76,6,2.0,27,21,False,0,0-3km,<=10m,1-3y
149,Evening,Medium,Foggy,Scooter,1.5,15,4.0,32,17,False,0,0-3km,11-20m,3-5y
303,Afternoon,Medium,Clear,Scooter,11.04,8,2.0,54,46,False,0,7-12km,<=10m,1-3y
629,Evening,Medium,Clear,Scooter,1.22,6,5.0,14,8,False,0,0-3km,<=10m,3-5y
778,Afternoon,Low,Clear,Bike,14.58,13,5.0,57,44,False,0,12km+,11-20m,3-5y
507,Night,High,Rainy,Scooter,18.26,28,7.0,93,65,True,33,12km+,21-30m,5y+
343,Evening,Low,Foggy,Car,3.88,27,9.0,42,15,False,0,3-7km,21-30m,5y+
486,Afternoon,High,Clear,Scooter,18.07,5,2.0,67,62,True,7,12km+,<=10m,1-3y
712,Evening,Medium,Clear,Bike,12.11,28,0.0,75,47,True,15,12km+,21-30m,
134,Afternoon,Medium,Clear,Scooter,7.08,5,8.0,27,22,False,0,7-12km,<=10m,5y+
704,Evening,Low,Rainy,Scooter,3.12,14,5.0,28,14,False,0,3-7km,11-20m,3-5y
312,Evening,High,Foggy,Car,2.03,14,4.0,36,22,False,0,0-3km,11-20m,3-5y
723,Night,Unknown,Clear,Bike,1.8,14,1.0,28,14,False,0,0-3km,11-20m,<=1y
630,Evening,Low,Clear,Scooter,5.42,11,9.0,26,15,False,0,3-7km,11-20m,5y+
1,Evening,Low,Clear,Scooter,7.8,23,5.0,52,29,False,0,7-12km,21-30m,3-5y
317,Afternoon,Low,Rainy,Scooter,8.47,19,0.0,48,29,False,0,7-12km,11-20m,
707,Evening,Low,Rainy,Scooter,6.79,16,1.0,39,23,False,0,3-7km,11-20m,<=1y
548,Afternoon,Medium,Rainy,Scooter,13.6,23,6.0,83,60,True,23,12km+,21-30m,5y+
873,Morning,High,Rainy,Bike,13.06,17,8.0,59,42,False,0,12km+,11-20m,5y+
533,Afternoon,Low,Snowy,Bike,19.93,6,6.0,59,53,False,0,12km+,<=10m,5y+
478,Afternoon,Medium,Snowy,Bike,11.3,15,8.0,70,55,True,10,7-12km,11-20m,5y+
405,Evening,Medium,Rainy,Car,6.74,21,9.0,47,26,False,0,3-7km,21-30m,5y+
173,Morning,Low,Rainy,Bike,10.49,28,9.0,66,38,True,6,7-12km,21-30m,5y+
126,Evening,Medium,Unknown,Scooter,8.83,12,3.0,109,97,True,49,7-12km,11-20m,1-3y
395,Night,High,Clear,Car,7.15,29,7.0,60,31,False,0,7-12km,21-30m,5y+
421,Evening,Low,Clear,Bike,15.94,24,2.0,77,53,True,17,12km+,21-30m,1-3y
553,Afternoon,High,Foggy,Bike,11.26,14,2.0,70,56,True,10,7-12km,11-20m,1-3y
904,Morning,Medium,Clear,Bike,11.87,10,6.0,43,33,False,0,7-12km,<=10m,5y+
91,Afternoon,Medium,Windy,Scooter,2.83,14,6.0,28,14,False,0,0-3km,11-20m,5y+
940,Afternoon,Low,Clear,Car,11.74,20,1.0,52,32,False,0,7-12km,11-20m,<=1y
182,Morning,Low,Clear,Scooter,2.71,6,1.0,20,14,False,0,0-3km,<=10m,<=1y
275,Evening,High,Clear,Scooter,10.47,14,7.0,55,41,False,0,7-12km,11-20m,5y+
896,Evening,High,Snowy,Bike,4.5,24,0.0,66,42,True,6,3-7km,21-30m,
70,Unknown,Low,Unknown,Car,19.74,21,7.0,71,50,True,11,12km+,21-30m,5y+
292,Evening,Low,Clear,Bike,1.23,18,6.0,21,3,False,0,0-3km,11-20m,5y+
132,Evening,Low,Clear,Bike,4.83,11,1.0,29,18,False,0,3-7km,11-20m,<=1y
301,Afternoon,High,Clear,Bike,1.51,14,2.0,32,18,False,0,0-3km,11-20m,1-3y
425,Evening,Low,Windy,Bike,1.62,9,8.0,16,7,False,0,0-3km,<=10m,5y+
327,Evening,High,Clear,Bike,11.31,20,0.0,67,47,True,7,7-12km,11-20m,
145,Morning,Medium,Clear,Car,6.05,24,0.0,48,24,False,0,3-7km,21-30m,
424,Morning,Medium,Clear,Scooter,10.14,20,1.0,59,39,False,0,7-12km,11-20m,<=1y
581,Afternoon,Low,Clear,Car,9.45,13,0.0,49,36,False,0,7-12km,11-20m,
136,Evening,High,Clear,Bike,6.8,28,5.0,55,27,False,0,3-7km,21-30m,3-5y
451,Afternoon,Low,Clear,Bike,15.65,27,0.0,76,49,True,16,12km+,21-30m,
165,Morning,Medium,Clear,Scooter,2.26,6,3.0,19,13,False,0,0-3km,<=10m,1-3y
29,Evening,Low,Clear,Scooter,12.05,29,4.0,61,32,True,1,12km+,21-30m,3-5y
774,Evening,Medium,Windy,Car,8.25,24,4.0,62,38,True,2,7-12km,21-30m,3-5y
194,Afternoon,Medium,Rainy,Scooter,12.85,23,0.0,80,57,True,20,12km+,21-30m,
389,Morning,Medium,Windy,Bike,15.14,15,4.0,71,56,True,11,12km+,11-20m,3-5y
853,Evening,Low,Foggy,Scooter,4.59,19,8.0,36,17,False,0,3-7km,11-20m,5y+
170,Afternoon,Low,Clear,Bike,12.02,26,0.0,63,37,True,3,12km+,21-30m,
706,Evening,High,Clear,Bike,19.8,7,3.0,88,81,True,28,12km+,<=10m,1-3y
141,Afternoon,High,Foggy,Bike,19.27,14,6.0,92,78,True,32,12km+,11-20m,5y+
174,Morning,High,Clear,Scooter,4.92,12,0.0,41,29,False,0,3-7km,11-20m,
7,Night,Medium,Rainy,Bike,1.63,24,5.0,38,14,False,0,0-3km,21-30m,3-5y
746,Morning,Medium,Clear,Bike,18.04,8,5.0,71,63,True,11,12km+,<=10m,3-5y
479,Afternoon,Unknown,Snowy,Scooter,19.4,23,9.0,92,69,True,32,12km+,21-30m,5y+
74,Morning,High,Clear,Scooter,16.4,12,2.0,70,58,True,10,12km+,11-20m,1-3y
911,Morning,Low,Clear,Car,12.01,5,7.0,42,37,False,0,12km+,<=10m,5y+
814,Unknown,Unknown,Clear,Scooter,18.46,29,1.0,153,124,True,93,12km+,21-30m,<=1y
239,Unknown,Low,Windy,Scooter,13.09,17,1.0,69,52,True,9,12km+,11-20m,<=1y
146,Afternoon,High,Foggy,Scooter,1.22,14,2.0,38,24,False,0,0-3km,11-20m,1-3y
793,Afternoon,Medium,Rainy,Bike,10.36,7,8.0,39,32,False,0,7-12km,<=10m,5y+
235,Afternoon,Medium,Rainy,Bike,4.31,9,2.0,35,26,False,0,3-7km,<=10m,1-3y
221,Afternoon,Medium,Windy,Bike,13.32,26,0.0,71,45,True,11,12km+,21-30m,
924,Morning,Low,Clear,Car,16.1,16,6.0,61,45,True,1,12km+,11-20m,5y+
501,Morning,High,Rainy,Scooter,14.11,24,3.0,93,69,True,33,12km+,21-30m,1-3y
133,Night,Medium,Clear,Scooter,2.84,28,1.0,44,16,False,0,0-3km,21-30m,<=1y
991,Morning,Low,Snowy,Car,16.09,13,6.0,69,56,True,9,12km+,11-20m,5y+
775,Evening,Medium,Snowy,Bike,16.05,11,2.0,89,78,True,29,12km+,11-20m,1-3y
186,Afternoon,High,Windy,Scooter,13.37,17,8.0,63,46,True,3,12km+,11-20m,5y+
42,Night,Medium,Snowy,Bike,10.16,10,1.0,67,57,True,7,7-12km,<=10m,<=1y
697,Night,Medium,Clear,Scooter,6.13,22,0.0,48,26,False,0,3-7km,21-30m,
109,Afternoon,Low,Rainy,Car,4.96,10,7.0,28,18,False,0,3-7km,<=10m,5y+
589,Morning,Low,Clear,Scooter,3.0,29,1.0,43,14,False,0,0-3km,21-30m,<=1y
57,Evening,Medium,Snowy,Car,2.23,14,0.0,41,27,False,0,0-3km,11-20m,
406,Evening,Unknown,Clear,Scooter,17.96,26,0.0,74,48,True,14,12km+,21-30m,
443,Morning,Medium,Rainy,Bike,7.8,11,7.0,49,38,False,0,7-12km,11-20m,5y+
758,Afternoon,High,Clear,Scooter,10.9,6,8.0,47,41,False,0,7-12km,<=10m,5y+
998,Afternoon,Low,Clear,Bike,3.17,17,1.0,28,11,False,0,3-7km,11-20m,<=1y
25,Morning,Medium,Windy,Scooter,9.39,21,9.0,50,29,False,0,7-12km,21-30m,5y+
468,Evening,Low,Clear,Bike,17.44,25,9.0,89,64,True,29,12km+,21-30m,5y+
540,Morning,Medium,Rainy,Bike,3.02,23,1.0,46,23,False,0,3-7km,21-30m,<=1y
532,Evening,High,Rainy,Bike,19.99,17,1.0,112,95,True,52,12km+,11-20m,<=1y
619,Evening,High,Rainy,Bike,16.22,22,0.0,102,80,True,42,12km+,21-30m,
695,Afternoon,High,Clear,Bike,2.74,18,9.0,37,19,False,0,0-3km,11-20m,5y+
927,Evening,High,Rainy,Bike,5.74,13,9.0,46,33,False,0,3-7km,11-20m,5y+
339,Afternoon,Low,Clear,Bike,9.75,22,7.0,50,28,False,0,7-12km,21-30m,5y+
52,Afternoon,Medium,Rainy,Scooter,15.62,23,7.0,78,55,True,18,12km+,21-30m,5y+
508,Afternoon,Medium,Rainy,Bike,16.54,25,7.0,77,52,True,17,12km+,21-30m,5y+
517,Morning,Low,Rainy,Scooter,7.84,7,8.0,36,29,False,0,7-12km,<=10m,5y+
921,Night,Low,Unknown,Car,17.44,23,0.0,85,62,True,25,12km+,21-30m,
782,Afternoon,High,Windy,Bike,11.08,16,6.0,70,54,True,10,7-12km,11-20m,5y+
265,Evening,Medium,Clear,Scooter,17.61,21,9.0,79,58,True,19,12km+,21-30m,5y+
818,Evening,Low,Snowy,Car,8.28,29,7.0,58,29,False,0,7-12km,21-30m,5y+
711,Morning,Medium,Clear,Bike,15.32,17,6.0,80,63,True,20,12km+,11-20m,5y+
683,Evening,Low,Rainy,Car,3.83,27,3.0,49,22,False,0,3-7km,21-30m,1-3y
833,Evening,Unknown,Rainy,Scooter,3.25,29,0.0,51,22,False,0,3-7km,21-30m,
519,Morning,Medium,Clear,Bike,19.75,25,1.0,103,78,True,43,12km+,21-30m,<=1y
448,Evening,Low,Foggy,Scooter,15.19,6,4.0,53,47,False,0,12km+,<=10m,3-5y
19,Morning,Unknown,Windy,Bike,8.92,25,4.0,62,37,True,2,7-12km,21-30m,3-5y
716,Afternoon,Low,Windy,Bike,18.63,11,5.0,85,74,True,25,12km+,11-20m,3-5y
484,Night,Low,Clear,Scooter,12.74,18,0.0,67,49,True,7,12km+,11-20m,
569,Evening,High,Rainy,Bike,18.13,21,2.0,88,67,True,28,12km+,21-30m,1-3y
434,Afternoon,Low,Rainy,Car,2.47,22,6.0,34,12,False,0,0-3km,21-30m,5y+
368,Morning,Medium,Windy,Bike,18.15,11,2.0,89,78,True,29,12km+,11-20m,1-3y
84,Afternoon,High,Foggy,Scooter,1.74,8,9.0,28,20,False,0,0-3km,<=10m,5y+
62,Morning,Medium,Windy,Bike,5.79,26,6.0,49,23,False,0,3-7km,21-30m,5y+
639,Morning,High,Windy,Scooter,5.75,7,4.0,37,30,False,0,3-7km,<=10m,3-5y
273,Evening,Medium,Snowy,Bike,17.41,20,4.0,80,60,True,20,12km+,11-20m,3-5y
286,Morning,Low,Rainy,Scooter,1.2,24,7.0,33,9,False,0,0-3km,21-30m,5y+
361,Evening,Low,Windy,Bike,8.07,21,4.0,48,27,False,0,7-12km,21-30m,3-5y
355,Morning,Medium,Clear,Scooter,1.88,24,7.0,35,11,False,0,0-3km,21-30m,5y+
457,Afternoon,Medium,Rainy,Scooter,0.72,9,2.0,23,14,False,0,0-3km,<=10m,1-3y
279,Afternoon,Medium,Clear,Bike,14.19,9,1.0,57,48,False,0,12km+,<=10m,<=1y
13,Afternoon,High,Windy,Scooter,16.73,9,7.0,71,62,True,11,12km+,<=10m,5y+
183,Afternoon,Low,Rainy,Scooter,18.53,8,8.0,57,49,False,0,12km+,<=10m,5y+
369,Morning,Low,Clear,Bike,4.32,21,9.0,34,13,False,0,3-7km,21-30m,5y+
882,Evening,High,Foggy,Bike,13.6,9,7.0,61,52,True,1,12km+,<=10m,5y+
616,Morning,Low,Rainy,Bike,18.46,19,9.0,94,75,True,34,12km+,11-20m,5y+
224,Morning,Low,Windy,Car,7.67,9,2.0,31,22,False,0,7-12km,<=10m,1-3y
573,Evening,Low,Snowy,Bike,8.23,17,3.0,56,39,False,0,7-12km,11-20m,1-3y
971,Night,Low,Clear,Bike,13.44,29,0.0,63,34,True,3,12km+,21-30m,
654,Morning,Low,Clear,Car,15.04,24,5.0,60,36,False,0,12km+,21-30m,3-5y
546,Morning,Medium,Clear,Car,7.48,21,4.0,52,31,False,0,7-12km,21-30m,3-5y
583,Afternoon,Unknown,Rainy,Scooter,10.11,23,2.0,63,40,True,3,7-12km,21-30m,1-3y
634,Afternoon,Low,Snowy,Car,10.88,13,3.0,52,39,False,0,7-12km,11-20m,1-3y
177,Evening,Low,Snowy,Scooter,13.97,14,8.0,52,38,False,0,12km+,11-20m,5y+
666,Afternoon,Low,Foggy,Scooter,3.48,9,1.0,31,22,False,0,3-7km,<=10m,<=1y
674,Morning,Low,Foggy,Bike,10.73,6,6.0,35,29,False,0,7-12km,<=10m,5y+
586,Afternoon,Medium,Clear,Car,5.18,9,2.0,30,21,False,0,3-7km,<=10m,1-3y
874,Evening,Medium,Foggy,Bike,8.47,24,0.0,68,44,True,8,7-12km,21-30m,
394,Unknown,Low,Rainy,Bike,15.64,20,4.0,141,121,True,81,12km+,11-20m,3-5y
164,Afternoon,Unknown,Snowy,Bike,10.95,9,1.0,65,56,True,5,7-12km,<=10m,<=1y
249,Evening,Medium,Windy,Scooter,19.29,7,8.0,84,77,True,24,12km+,<=10m,5y+
635,Unknown,Medium,Windy,Bike,2.59,13,5.0,28,15,False,0,0-3km,11-20m,3-5y
886,Night,High,Clear,Car,3.98,19,3.0,41,22,False,0,3-7km,11-20m,1-3y
670,Afternoon,Low,Foggy,Scooter,6.06,10,8.0,41,31,False,0,3-7km,<=10m,5y+
376,Evening,Low,Foggy,Bike,6.72,8,5.0,31,23,False,0,3-7km,<=10m,3-5y
413,Morning,Medium,Clear,Scooter,19.04,27,2.0,85,58,True,25,12km+,21-30m,1-3y
75,Afternoon,High,Windy,Scooter,14.28,23,5.0,77,54,True,17,12km+,21-30m,3-5y
114,Morning,High,Rainy,Bike,16.26,16,6.0,70,54,True,10,12km+,11-20m,5y+
599,Afternoon,Low,Clear,Bike,4.25,5,4.0,22,17,False,0,3-7km,<=10m,3-5y
962,Afternoon,Low,Clear,Bike,12.26,20,2.0,66,46,True,6,12km+,11-20m,1-3y
391,Afternoon,Low,Clear,Bike,19.81,27,1.0,74,47,True,14,12km+,21-30m,<=1y
105,Morning,Medium,Windy,Bike,18.2,27,1.0,108,81,True,48,12km+,21-30m,<=1y
115,Morning,Medium,Rainy,Scooter,12.85,14,8.0,73,59,True,13,12km+,11-20m,5y+
418,Evening,Low,Clear,Bike,6.91,27,8.0,91,64,True,31,3-7km,21-30m,5y+
526,Morning,Low,Clear,Bike,9.64,10,5.0,46,36,False,0,7-12km,<=10m,3-5y
458,Evening,Medium,Rainy,Bike,9.64,14,6.0,52,38,False,0,7-12km,11-20m,5y+
410,Morning,Medium,Foggy,Scooter,2.28,27,6.0,44,17,False,0,0-3km,21-30m,5y+
93,Afternoon,Low,Rainy,Bike,15.34,18,6.0,54,36,False,0,12km+,11-20m,5y+
931,Night,Medium,Rainy,Bike,3.22,14,8.0,34,20,False,0,3-7km,11-20m,5y+
90,Morning,Low,Clear,Bike,9.71,8,1.0,49,41,False,0,7-12km,<=10m,<=1y
337,Night,Medium,Clear,Scooter,17.18,13,1.0,62,49,True,2,12km+,11-20m,<=1y
989,Afternoon,Medium,Clear,Scooter,5.3,29,3.0,47,18,False,0,3-7km,21-30m,1-3y
922,Afternoon,Medium,Clear,Scooter,10.0,6,9.0,47,41,False,0,7-12km,<=10m,5y+
934,Morning,Medium,Rainy,Bike,10.75,8,6.0,60,52,False,0,7-12km,<=10m,5y+
606,Morning,Medium,Rainy,Car,9.49,23,6.0,53,30,False,0,7-12km,21-30m,5y+
594,Afternoon,Medium,Clear,Bike,7.24,28,7.0,57,29,False,0,7-12km,21-30m,5y+
612,Morning,Low,Rainy,Bike,16.09,21,8.0,66,45,True,6,12km+,21-30m,5y+
95,Morning,Low,Clear,Bike,15.53,26,6.0,83,57,True,23,12km+,21-30m,5y+
12,Morning,Low,Windy,Bike,19.41,11,8.0,62,51,True,2,12km+,11-20m,5y+
397,Evening,Low,Clear,Bike,17.24,17,5.0,69,52,True,9,12km+,11-20m,3-5y
534,Morning,Low,Unknown,Bike,11.33,25,3.0,60,35,False,0,7-12km,21-30m,1-3y
44,Afternoon,Low,Rainy,Scooter,18.23,27,9.0,86,59,True,26,12km+,21-30m,5y+
43,Morning,Medium,Clear,Bike,1.17,16,9.0,25,9,False,0,0-3km,11-20m,5y+
330,Evening,Low,Clear,Car,5.33,29,1.0,51,22,False,0,3-7km,21-30m,<=1y
168,Morning,Low,Rainy,Bike,4.14,23,2.0,41,18,False,0,3-7km,21-30m,1-3y
498,Evening,High,Clear,Bike,2.02,28,5.0,44,16,False,0,0-3km,21-30m,3-5y
877,Morning,Medium,Rainy,Scooter,14.46,11,9.0,68,57,True,8,12km+,11-20m,5y+
598,Afternoon,Medium,Clear,Bike,3.86,21,8.0,34,13,False,0,3-7km,21-30m,5y+
757,Morning,Medium,Windy,Bike,12.59,13,9.0,62,49,True,2,12km+,11-20m,5y+
101,Morning,High,Clear,Scooter,1.11,22,8.0,35,13,False,0,0-3km,21-30m,5y+
427,Afternoon,Low,Clear,Bike,9.11,19,6.0,42,23,False,0,7-12km,11-20m,5y+
179,Evening,Medium,Snowy,Bike,18.77,24,0.0,115,91,True,55,12km+,21-30m,
445,Night,Medium,Foggy,Bike,16.35,16,6.0,67,51,True,7,12km+,11-20m,5y+
417,Afternoon,Low,Clear,Bike,6.22,16,9.0,29,13,False,0,3-7km,11-20m,5y+
871,Afternoon,High,Foggy,Bike,7.78,25,3.0,74,49,True,14,7-12km,21-30m,1-3y
883,Night,Low,Rainy,Car,0.88,27,2.0,37,10,False,0,0-3km,21-30m,1-3y
681,Evening,Low,Clear,Bike,16.43,13,5.0,56,43,False,0,12km+,11-20m,3-5y
178,Evening,Medium,Clear,Car,8.04,27,0.0,65,38,True,5,7-12km,21-30m,
396,Night,Low,Foggy,Car,18.65,19,2.0,68,49,True,8,12km+,11-20m,1-3y
912,Morning,Low,Foggy,Scooter,5.73,7,2.0,30,23,False,0,3-7km,<=10m,1-3y
794,Evening,Low,Rainy,Bike,12.42,28,9.0,79,51,True,19,12km+,21-30m,5y+
961,Afternoon,Low,Clear,Scooter,2.11,28,5.0,34,6,False,0,0-3km,21-30m,3-5y
685,Evening,Low,Clear,Scooter,18.62,27,6.0,75,48,True,15,12km+,21-30m,5y+
384,Morning,Medium,Clear,Scooter,17.61,19,3.0,80,61,True,20,12km+,11-20m,1-3y
957,Night,Medium,Rainy,Bike,10.62,7,2.0,48,41,False,0,7-12km,<=10m,1-3y
752,Night,Medium,Unknown,Bike,18.83,8,0.0,68,60,True,8,12km+,<=10m,
258,Morning,Medium,Clear,Bike,14.07,16,9.0,73,57,True,13,12km+,11-20m,5y+
539,Evening,Medium,Clear,Bike,9.29,10,9.0,40,30,False,0,7-12km,<=10m,5y+
336,Evening,Low,Rainy,Bike,1.29,7,7.0,15,8,False,0,0-3km,<=10m,5y+
16,Afternoon,Medium,Windy,Bike,4.08,7,0.0,33,26,False,0,3-7km,<=10m,
325,Evening,High,Windy,Car,19.12,8,0.0,92,84,True,32,12km+,<=10m,
759,Afternoon,Medium,Clear,Bike,17.93,29,4.0,85,56,True,25,12km+,21-30m,3-5y
223,Morning,Low,Unknown,Car,2.33,6,1.0,17,11,False,0,0-3km,<=10m,<=1y
180,Evening,Medium,Rainy,Bike,3.18,21,3.0,42,21,False,0,3-7km,21-30m,1-3y
984,Morning,High,Clear,Car,1.97,28,7.0,43,15,False,0,0-3km,21-30m,5y+
23,Evening,High,Windy,Scooter,6.2,7,3.0,42,35,False,0,3-7km,<=10m,1-3y
357,Evening,High,Windy,Bike,1.02,6,8.0,21,15,False,0,0-3km,<=10m,5y+
667,Evening,Low,Clear,Bike,5.3,16,5.0,32,16,False,0,3-7km,11-20m,3-5y
862,Evening,Low,Rainy,Car,9.34,10,0.0,40,30,False,0,7-12km,<=10m,
341,Evening,Medium,Clear,Bike,10.09,7,0.0,49,42,False,0,7-12km,<=10m,
432,Night,High,Rainy,Scooter,15.35,23,9.0,80,57,True,20,12km+,21-30m,5y+
552,Morning,Low,Rainy,Bike,17.12,26,3.0,86,60,True,26,12km+,21-30m,1-3y
834,Afternoon,Low,Snowy,Bike,3.94,19,3.0,43,24,False,0,3-7km,11-20m,1-3y
204,Evening,Unknown,Clear,Car,18.02,12,3.0,77,65,True,17,12km+,11-20m,1-3y
631,Evening,Medium,Snowy,Bike,14.41,8,8.0,75,67,True,15,12km+,<=10m,5y+
94,Evening,Medium,Rainy,Car,11.44,20,2.0,57,37,False,0,7-12km,11-20m,1-3y
559,Morning,Low,Foggy,Car,15.23,6,0.0,52,46,False,0,12km+,<=10m,
69,Morning,Low,Clear,Scooter,1.95,16,2.0,23,7,False,0,0-3km,11-20m,1-3y
623,Morning,Medium,Rainy,Bike,7.72,11,5.0,36,25,False,0,7-12km,11-20m,3-5y
285,Afternoon,Low,Clear,Scooter,11.78,26,3.0,71,45,True,11,7-12km,21-30m,1-3y
845,Morning,Medium,Windy,Bike,3.4,11,6.0,30,19,False,0,3-7km,11-20m,5y+
435,Evening,High,Clear,Bike,2.14,18,3.0,34,16,False,0,0-3km,11-20m,1-3y
154,Afternoon,High,Rainy,Bike,10.04,12,9.0,59,47,False,0,7-12km,11-20m,5y+
76,Evening,Unknown,Clear,Scooter,14.72,15,8.0,80,65,True,20,12km+,11-20m,5y+
731,Morning,Medium,Clear,Bike,3.7,28,7.0,45,17,False,0,3-7km,21-30m,5y+
447,Evening,Low,Rainy,Bike,19.73,8,8.0,64,56,True,4,12km+,<=10m,5y+
189,Evening,Medium,Clear,Scooter,10.83,8,9.0,51,43,False,0,7-12km,<=10m,5y+
272,Morning,Low,Foggy,Car,16.3,12,1.0,100,88,True,40,12km+,11-20m,<=1y
237,Morning,High,Foggy,Bike,5.98,14,6.0,44,30,False,0,3-7km,11-20m,5y+
488,Morning,High,Rainy,Bike,5.98,21,2.0,60,39,False,0,3-7km,21-30m,1-3y
118,Morning,Medium,Foggy,Bike,4.14,21,0.0,46,25,False,0,3-7km,21-30m,
944,Afternoon,Medium,Unknown,Bike,16.68,9,9.0,63,54,True,3,12km+,<=10m,5y+
513,Night,Medium,Windy,Bike,18.69,23,9.0,74,51,True,14,12km+,21-30m,5y+
826,Morning,High,Rainy,Bike,18.44,27,7.0,80,53,True,20,12km+,21-30m,5y+
592,Morning,High,Windy,Bike,13.0,22,8.0,65,43,True,5,12km+,21-30m,5y+
127,Evening,Medium,Unknown,Scooter,16.45,25,3.0,87,62,True,27,12km+,21-30m,1-3y
117,Evening,Medium,Clear,Car,16.17,10,2.0,116,106,True,56,12km+,<=10m,1-3y
474,Evening,Medium,Clear,Bike,17.88,29,3.0,98,69,True,38,12km+,21-30m,1-3y
694,Morning,Medium,Clear,Scooter,5.23,19,4.0,37,18,False,0,3-7km,11-20m,3-5y
58,Morning,Medium,Unknown,Bike,4.32,17,4.0,36,19,False,0,3-7km,11-20m,3-5y
864,Morning,Medium,Rainy,Bike,9.09,6,7.0,43,37,False,0,7-12km,<=10m,5y+
913,Morning,Medium,Windy,Scooter,12.67,7,3.0,43,36,False,0,12km+,<=10m,1-3y
370,Evening,Medium,Clear,Bike,1.85,10,1.0,24,14,False,0,0-3km,<=10m,<=1y
269,Evening,Low,Rainy,Car,7.51,27,6.0,50,23,False,0,7-12km,21-30m,5y+
47,Afternoon,Low,Clear,Bike,6.58,13,1.0,34,21,False,0,3-7km,11-20m,<=1y
350,Morning,Low,Clear,Scooter,12.7,22,2.0,57,35,False,0,12km+,21-30m,1-3y
196,Afternoon,Medium,Foggy,Bike,7.31,26,2.0,65,39,True,5,7-12km,21-30m,1-3y
1000,Morning,High,Clear,Scooter,9.2,9,9.0,48,39,False,0,7-12km,<=10m,5y+
835,Afternoon,Low,Foggy,Scooter,10.22,21,0.0,61,40,True,1,7-12km,21-30m,
737,Evening,High,Clear,Scooter,8.15,12,9.0,43,31,False,0,7-12km,11-20m,5y+
264,Morning,Medium,Clear,Bike,10.61,17,0.0,59,42,False,0,7-12km,11-20m,
444,Night,High,Clear,Bike,7.73,29,5.0,58,29,False,0,7-12km,21-30m,3-5y
676,Morning,Low,Clear,Car,19.66,19,6.0,70,51,True,10,12km+,11-20m,5y+
305,Morning,High,Snowy,Car,14.66,5,6.0,71,66,True,11,12km+,<=10m,5y+
342,Afternoon,Low,Clear,Bike,9.73,29,6.0,60,31,False,0,7-12km,21-30m,5y+
967,Afternoon,Medium,Clear,Car,14.52,26,5.0,86,60,True,26,12km+,21-30m,3-5y
150,Unknown,High,Foggy,Scooter,5.93,27,1.0,106,79,True,46,3-7km,21-30m,<=1y
125,Evening,High,Rainy,Scooter,4.94,28,4.0,63,35,True,3,3-7km,21-30m,3-5y
787,Afternoon,High,Rainy,Car,11.88,29,9.0,78,49,True,18,7-12km,21-30m,5y+
51,Morning,Medium,Foggy,Car,19.41,7,6.0,66,59,True,6,12km+,<=10m,5y+
354,Afternoon,High,Unknown,Car,3.68,16,6.0,47,31,False,0,3-7km,11-20m,5y+
928,Evening,High,Clear,Bike,11.06,6,9.0,53,47,False,0,7-12km,<=10m,5y+
143,Afternoon,Medium,Rainy,Bike,10.2,18,9.0,56,38,False,0,7-12km,11-20m,5y+
471,Morning,Low,Rainy,Car,0.74,13,4.0,21,8,False,0,0-3km,11-20m,3-5y
400,Afternoon,Medium,Snowy,Bike,15.21,20,9.0,90,70,True,30,12km+,11-20m,5y+
626,Morning,High,Rainy,Scooter,7.69,16,3.0,58,42,False,0,7-12km,11-20m,1-3y
321,Afternoon,High,Clear,Scooter,11.21,23,1.0,76,53,True,16,7-12km,21-30m,<=1y
20,Evening,Medium,Clear,Bike,6.18,9,9.0,35,26,False,0,3-7km,<=10m,5y+
810,Morning,Medium,Clear,Car,2.71,6,5.0,19,13,False,0,0-3km,<=10m,3-5y
791,Morning,Medium,Clear,Bike,3.49,17,2.0,38,21,False,0,3-7km,11-20m,1-3y
809,Morning,Medium,Clear,Bike,9.29,17,2.0,49,32,False,0,7-12km,11-20m,1-3y
408,Night,Low,Foggy,Bike,0.71,29,1.0,41,12,False,0,0-3km,21-30m,<=1y
538,Afternoon,Low,Rainy,Scooter,5.32,27,2.0,48,21,False,0,3-7km,21-30m,1-3y
621,Evening,Medium,Clear,Car,4.1,18,3.0,38,20,False,0,3-7km,11-20m,1-3y
39,Morning,Low,Clear,Scooter,13.84,18,5.0,64,46,True,4,12km+,11-20m,3-5y
176,Morning,High,Rainy,Car,3.9,25,9.0,54,29,False,0,3-7km,21-30m,5y+
246,Morning,Medium,Rainy,Car,18.6,28,9.0,77,49,True,17,12km+,21-30m,5y+
829,Evening,Medium,Snowy,Bike,14.88,10,0.0,64,54,True,4,12km+,<=10m,
668,Morning,Medium,Windy,Car,3.63,22,9.0,39,17,False,0,3-7km,21-30m,5y+
755,Morning,High,Windy,Car,3.22,7,7.0,27,20,False,0,3-7km,<=10m,5y+
859,Afternoon,Low,Foggy,Car,11.51,5,7.0,57,52,False,0,7-12km,<=10m,5y+
155,Afternoon,Low,Rainy,Bike,19.72,27,6.0,109,82,True,49,12km+,21-30m,5y+
288,Evening,Low,Clear,Scooter,11.08,28,2.0,58,30,False,0,7-12km,21-30m,1-3y
603,Morning,Medium,Clear,Car,3.95,28,5.0,47,19,False,0,3-7km,21-30m,3-5y
570,Evening,High,Clear,Car,7.29,11,7.0,48,37,False,0,7-12km,11-20m,5y+
744,Morning,Low,Clear,Car,10.3,12,7.0,41,29,False,0,7-12km,11-20m,5y+
18,Afternoon,High,Rainy,Car,10.73,27,6.0,83,56,True,23,7-12km,21-30m,5y+
128,Morning,Low,Clear,Car,17.28,28,3.0,72,44,True,12,12km+,21-30m,1-3y
323,Evening,Medium,Foggy,Scooter,13.37,16,9.0,71,55,True,11,12km+,11-20m,5y+
256,Morning,Medium,Clear,Scooter,11.36,8,2.0,52,44,False,0,7-12km,<=10m,1-3y
658,Afternoon,High,Clear,Scooter,7.58,19,9.0,57,38,False,0,7-12km,11-20m,5y+
965,Unknown,High,Rainy,Bike,6.13,25,6.0,59,34,False,0,3-7km,21-30m,5y+
191,Afternoon,Low,Clear,Scooter,2.32,23,1.0,32,9,False,0,0-3km,21-30m,<=1y
116,Evening,Low,Rainy,Bike,17.49,27,9.0,97,70,True,37,12km+,21-30m,5y+
617,Afternoon,Unknown,Windy,Car,1.69,11,7.0,20,9,False,0,0-3km,11-20m,5y+
607,Evening,Low,Unknown,Car,4.52,17,0.0,71,54,True,11,3-7km,11-20m,
181,Morning,Low,Windy,Bike,7.15,15,3.0,42,27,False,0,7-12km,11-20m,1-3y
302,Unknown,Medium,Windy,Car,10.86,10,4.0,60,50,False,0,7-12km,<=10m,3-5y
760,Evening,Low,Rainy,Car,15.88,17,1.0,68,51,True,8,12km+,11-20m,<=1y
713,Evening,Low,Snowy,Bike,9.7,6,5.0,45,39,False,0,7-12km,<=10m,3-5y
724,Morning,Medium,Clear,Bike,14.95,13,7.0,49,36,False,0,12km+,11-20m,5y+
686,Afternoon,Low,Foggy,Bike,11.36,6,4.0,47,41,False,0,7-12km,<=10m,3-5y
980,Afternoon,High,Foggy,Bike,12.14,12,0.0,65,53,True,5,12km+,11-20m,
518,Afternoon,Medium,Foggy,Car,16.31,14,7.0,71,57,True,11,12km+,11-20m,5y+
985,Evening,Medium,Clear,Scooter,14.7,24,5.0,75,51,True,15,12km+,21-30m,3-5y
46,Evening,Medium,Rainy,Bike,13.42,6,6.0,105,99,True,45,12km+,<=10m,5y+
910,Afternoon,Low,Clear,Scooter,7.9,22,5.0,48,26,False,0,7-12km,21-30m,3-5y
158,Morning,Low,Foggy,Car,15.35,5,3.0,56,51,False,0,12km+,<=10m,1-3y
852,Morning,Low,Foggy,Bike,15.12,14,1.0,58,44,False,0,12km+,11-20m,<=1y
172,Morning,Low,Windy,Car,0.82,18,9.0,23,5,False,0,0-3km,11-20m,5y+
17,Evening,Low,Clear,Car,6.43,9,7.0,26,17,False,0,3-7km,<=10m,5y+
512,Morning,High,Snowy,Bike,8.66,29,3.0,77,48,True,17,7-12km,21-30m,1-3y
49,Afternoon,Medium,Foggy,Car,11.16,21,4.0,77,56,True,17,7-12km,21-30m,3-5y
972,Afternoon,Low,Foggy,Car,18.77,15,5.0,71,56,True,11,12km+,11-20m,3-5y
941,Evening,Unknown,Clear,Bike,5.84,21,7.0,35,14,False,0,3-7km,21-30m,5y+
516,Night,High,Clear,Bike,1.01,17,7.0,29,12,False,0,0-3km,11-20m,5y+
953,Night,Medium,Rainy,Bike,3.92,20,9.0,41,21,False,0,3-7km,11-20m,5y+
481,Morning,Low,Foggy,Bike,12.77,22,8.0,71,49,True,11,12km+,21-30m,5y+
284,Evening,Low,Clear,Bike,2.33,9,2.0,18,9,False,0,0-3km,<=10m,1-3y
719,Afternoon,High,Windy,Bike,2.92,24,4.0,48,24,False,0,0-3km,21-30m,3-5y
878,Evening,Low,Rainy,Scooter,13.35,14,4.0,91,77,True,31,12km+,11-20m,3-5y
226,Evening,Medium,Rainy,Scooter,5.26,28,8.0,51,23,False,0,3-7km,21-30m,5y+
27,Night,Medium,Foggy,Bike,4.39,12,8.0,38,26,False,0,3-7km,11-20m,5y+
955,Morning,High,Windy,Bike,8.67,20,4.0,55,35,False,0,7-12km,11-20m,3-5y
438,Afternoon,Low,Snowy,Scooter,16.53,24,9.0,99,75,True,39,12km+,21-30m,5y+
952,Evening,Medium,Clear,Bike,13.47,19,4.0,59,40,False,0,12km+,11-20m,3-5y
365,Night,Medium,Snowy,Bike,18.86,18,1.0,89,71,True,29,12km+,11-20m,<=1y
230,Morning,Low,Clear,Bike,12.81,12,2.0,51,39,False,0,12km+,11-20m,1-3y
38,Night,Low,Snowy,Scooter,2.4,27,5.0,42,15,False,0,0-3km,21-30m,3-5y
966,Evening,Medium,Rainy,Bike,7.44,6,1.0,39,33,False,0,7-12km,<=10m,<=1y
375,Evening,Medium,Clear,Scooter,1.89,13,7.0,22,9,False,0,0-3km,11-20m,5y+
470,Morning,Medium,Snowy,Car,19.28,21,3.0,101,80,True,41,12km+,21-30m,1-3y
968,Morning,Medium,Unknown,Scooter,6.29,10,7.0,27,17,False,0,3-7km,<=10m,5y+
851,Afternoon,Medium,Clear,Car,1.81,23,3.0,34,11,False,0,0-3km,21-30m,1-3y
705,Night,Medium,Clear,Bike,1.74,23,2.0,34,11,False,0,0-3km,21-30m,1-3y
842,Morning,Medium,Clear,Car,13.44,22,1.0,79,57,True,19,12km+,21-30m,<=1y
195,Afternoon,Low,Clear,Scooter,7.11,27,5.0,48,21,False,0,7-12km,21-30m,3-5y
855,Evening,Low,Windy,Scooter,4.5,20,6.0,32,12,False,0,3-7km,11-20m,5y+
865,Morning,Medium,Windy,Bike,8.31,6,5.0,44,38,False,0,7-12km,<=10m,3-5y
504,Morning,High,Clear,Bike,16.37,26,7.0,97,71,True,37,12km+,21-30m,5y+
970,Afternoon,Medium,Clear,Bike,9.78,18,3.0,58,40,False,0,7-12km,11-20m,1-3y
831,Afternoon,Medium,Windy,Scooter,4.88,26,7.0,48,22,False,0,3-7km,21-30m,5y+
580,Unknown,Medium,Rainy,Scooter,5.54,28,9.0,51,23,False,0,3-7km,21-30m,5y+
969,Afternoon,High,Clear,Car,11.54,10,0.0,56,46,False,0,7-12km,<=10m,
163,Afternoon,Low,Clear,Scooter,12.85,5,5.0,54,49,False,0,12km+,<=10m,3-5y
909,Afternoon,Low,Clear,Scooter,5.56,19,5.0,31,12,False,0,3-7km,11-20m,3-5y
153,Evening,Medium,Unknown,Scooter,3.33,24,2.0,44,20,False,0,3-7km,21-30m,1-3y
802,Night,High,Snowy,Bike,3.47,24,9.0,53,29,False,0,3-7km,21-30m,5y+
994,Morning,Low,Clear,Scooter,12.01,26,6.0,57,31,False,0,12km+,21-30m,5y+
756,Morning,Low,Foggy,Car,15.98,21,6.0,90,69,True,30,12km+,21-30m,5y+
112,Morning,Low,Clear,Scooter,3.64,16,3.0,26,10,False,0,3-7km,11-20m,1-3y
227,Morning,Low,Clear,Bike,19.47,16,8.0,83,67,True,23,12km+,11-20m,5y+
689,Morning,Medium,Rainy,Scooter,15.51,10,8.0,81,71,True,21,12km+,<=10m,5y+
104,Afternoon,Medium,Windy,Bike,10.42,28,3.0,72,44,True,12,7-12km,21-30m,1-3y
422,Evening,Low,Rainy,Car,15.9,19,5.0,78,59,True,18,12km+,11-20m,3-5y
420,Morning,Low,Windy,Bike,15.17,25,4.0,77,52,True,17,12km+,21-30m,3-5y
751,Unknown,Low,Rainy,Bike,2.78,21,4.0,37,16,False,0,0-3km,21-30m,3-5y
587,Afternoon,Low,Rainy,Bike,1.98,22,0.0,39,17,False,0,0-3km,21-30m,
781,Afternoon,Low,Clear,Bike,14.03,17,2.0,65,48,True,5,12km+,11-20m,1-3y
673,Evening,Medium,Foggy,Scooter,2.06,22,4.0,40,18,False,0,0-3km,21-30m,3-5y
120,Morning,High,Clear,Scooter,11.02,22,2.0,70,48,True,10,7-12km,21-30m,1-3y
54,Morning,High,Snowy,Scooter,17.95,16,5.0,96,80,True,36,12km+,11-20m,3-5y
152,Morning,Low,Foggy,Bike,5.17,29,0.0,56,27,False,0,3-7km,21-30m,
404,Afternoon,Low,Snowy,Bike,16.62,26,8.0,94,68,True,34,12km+,21-30m,5y+
946,Morning,Low,Rainy,Car,0.71,25,8.0,31,6,False,0,0-3km,21-30m,5y+
208,Evening,Unknown,Clear,Scooter,13.44,9,5.0,55,46,False,0,12km+,<=10m,3-5y
659,Evening,Low,Clear,Bike,13.1,28,2.0,72,44,True,12,12km+,21-30m,1-3y
844,Afternoon,High,Rainy,Bike,19.24,9,7.0,75,66,True,15,12km+,<=10m,5y+
763,Afternoon,Medium,Clear,Scooter,5.35,24,6.0,43,19,False,0,3-7km,21-30m,5y+
9,Evening,Low,Clear,Scooter,12.22,15,0.0,56,41,False,0,12km+,11-20m,
808,Afternoon,Low,Clear,Car,18.55,11,9.0,69,58,True,9,12km+,11-20m,5y+
37,Afternoon,Low,Clear,Car,6.44,18,2.0,43,25,False,0,3-7km,11-20m,1-3y
453,Evening,Medium,Foggy,Car,8.77,14,7.0,49,35,False,0,7-12km,11-20m,5y+
652,Afternoon,Low,Clear,Scooter,10.97,27,3.0,51,24,False,0,7-12km,21-30m,1-3y
254,Morning,High,Clear,Scooter,6.68,10,5.0,44,34,False,0,3-7km,<=10m,3-5y
304,Afternoon,Low,Rainy,Scooter,12.93,25,0.0,61,36,True,1,12km+,21-30m,
747,Evening,Medium,Clear,Bike,7.99,18,4.0,42,24,False,0,7-12km,11-20m,3-5y
572,Afternoon,High,Clear,Scooter,15.78,12,1.0,68,56,True,8,12km+,11-20m,<=1y
624,Evening,High,Windy,Scooter,9.95,21,5.0,72,51,True,12,7-12km,21-30m,3-5y
733,Afternoon,Low,Rainy,Scooter,13.47,7,6.0,46,39,False,0,12km+,<=10m,5y+
892,Afternoon,Medium,Clear,Bike,17.19,11,8.0,76,65,True,16,12km+,11-20m,5y+
263,Afternoon,High,Clear,Bike,3.23,17,9.0,33,16,False,0,3-7km,11-20m,5y+
611,Afternoon,High,Foggy,Bike,1.27,25,9.0,46,21,False,0,0-3km,21-30m,5y+
298,Morning,Low,Clear,Bike,4.71,20,6.0,31,11,False,0,3-7km,11-20m,5y+
415,Evening,Medium,Rainy,Bike,12.82,28,9.0,72,44,True,12,12km+,21-30m,5y+
151,Evening,Low,Unknown,Bike,18.21,6,3.0,74,68,True,14,12km+,<=10m,1-3y
789,Morning,High,Clear,Bike,9.51,26,9.0,63,37,True,3,7-12km,21-30m,5y+
641,Morning,Low,Rainy,Car,0.89,9,0.0,20,11,False,0,0-3km,<=10m,
890,Afternoon,High,Windy,Scooter,5.24,26,8.0,51,25,False,0,3-7km,21-30m,5y+
551,Evening,Low,Windy,Car,10.64,11,9.0,36,25,False,0,7-12km,11-20m,5y+
887,Night,Medium,Clear,Bike,13.23,20,8.0,70,50,True,10,12km+,11-20m,5y+
489,Morning,Medium,Clear,Scooter,19.03,8,8.0,65,57,True,5,12km+,<=10m,5y+
148,Evening,Low,Rainy,Bike,10.3,29,0.0,73,44,True,13,7-12km,21-30m,
147,Evening,Medium,Snowy,Bike,12.39,14,8.0,56,42,False,0,12km+,11-20m,5y+
721,Afternoon,High,Clear,Bike,18.8,23,7.0,95,72,True,35,12km+,21-30m,5y+
932,Morning,Medium,Rainy,Bike,16.78,22,1.0,70,48,True,10,12km+,21-30m,<=1y
740,Afternoon,Low,Clear,Scooter,7.85,7,9.0,34,27,False,0,7-12km,<=10m,5y+
660,Night,Medium,Clear,Scooter,11.63,29,7.0,57,28,False,0,7-12km,21-30m,5y+
349,Afternoon,Medium,Windy,Car,7.8,17,6.0,44,27,False,0,7-12km,11-20m,5y+
464,Afternoon,Medium,Rainy,Bike,11.88,5,1.0,63,58,True,3,7-12km,<=10m,<=1y
326,Evening,High,Clear,Car,14.89,22,9.0,88,66,True,28,12km+,21-30m,5y+
187,Afternoon,High,Rainy,Bike,16.44,12,5.0,86,74,True,26,12km+,11-20m,3-5y
124,Afternoon,Medium,Unknown,Car,2.65,14,4.0,35,21,False,0,0-3km,11-20m,3-5y
854,Night,High,Foggy,Bike,18.01,14,2.0,71,57,True,11,12km+,11-20m,1-3y
609,Night,Medium,Clear,Car,10.32,24,5.0,49,25,False,0,7-12km,21-30m,3-5y
144,Afternoon,Low,Rainy,Car,6.37,29,4.0,56,27,False,0,3-7km,21-30m,3-5y
959,Morning,Low,Rainy,Bike,3.74,19,6.0,36,17,False,0,3-7km,11-20m,5y+
198,Evening,High,Windy,Bike,17.99,5,1.0,73,68,True,13,12km+,<=10m,<=1y
610,Night,Low,Rainy,Bike,13.96,5,1.0,42,37,False,0,12km+,<=10m,<=1y
280,Evening,Low,Clear,Bike,16.02,20,7.0,61,41,True,1,12km+,11-20m,5y+
294,Afternoon,Medium,Unknown,Car,7.52,17,9.0,44,27,False,0,7-12km,11-20m,5y+
401,Morning,Low,Clear,Bike,2.51,16,2.0,28,12,False,0,0-3km,11-20m,1-3y
123,Morning,High,Foggy,Scooter,6.7,23,3.0,59,36,False,0,3-7km,21-30m,1-3y
184,Morning,Low,Windy,Bike,17.61,5,8.0,61,56,True,1,12km+,<=10m,5y+
203,Morning,Medium,Clear,Bike,3.65,29,9.0,46,17,False,0,3-7km,21-30m,5y+
439,Night,Medium,Clear,Car,14.27,24,3.0,77,53,True,17,12km+,21-30m,1-3y
247,Afternoon,Low,Clear,Bike,8.85,11,9.0,45,34,False,0,7-12km,11-20m,5y+
416,Afternoon,Unknown,Windy,Bike,9.24,8,2.0,49,41,False,0,7-12km,<=10m,1-3y
933,Evening,Low,Rainy,Car,19.7,16,6.0,66,50,True,6,12km+,11-20m,5y+
766,Morning,High,Clear,Car,11.61,19,1.0,67,48,True,7,7-12km,11-20m,<=1y
907,Afternoon,High,Windy,Car,16.44,8,0.0,80,72,True,20,12km+,<=10m,
836,Afternoon,High,Rainy,Bike,8.67,12,7.0,104,92,True,44,7-12km,11-20m,5y+
888,Evening,Medium,Clear,Scooter,5.14,23,7.0,43,20,False,0,3-7km,21-30m,5y+
130,Evening,Unknown,Clear,Bike,10.46,25,3.0,68,43,True,8,7-12km,21-30m,1-3y
638,Morning,Medium,Clear,Scooter,5.23,23,2.0,47,24,False,0,3-7km,21-30m,1-3y
403,Night,Medium,Clear,Bike,10.35,7,9.0,48,41,False,0,7-12km,<=10m,5y+
785,Evening,High,Rainy,Bike,4.04,14,6.0,39,25,False,0,3-7km,11-20m,5y+
771,Afternoon,Low,Clear,Bike,2.66,16,8.0,21,5,False,0,0-3km,11-20m,5y+
736,Afternoon,Medium,Foggy,Bike,17.61,9,5.0,74,65,True,14,12km+,<=10m,3-5y
914,Night,High,Clear,Bike,8.48,11,5.0,39,28,False,0,7-12km,11-20m,3-5y
220,Evening,Low,Clear,Bike,17.06,9,9.0,66,57,True,6,12km+,<=10m,5y+
642,Night,Low,Foggy,Bike,6.78,18,6.0,42,24,False,0,3-7km,11-20m,5y+
916,Afternoon,Medium,Snowy,Car,9.0,29,3.0,78,49,True,18,7-12km,21-30m,1-3y
753,Afternoon,Low,Clear,Scooter,12.74,12,0.0,63,51,True,3,12km+,11-20m,
807,Afternoon,Medium,Rainy,Bike,18.72,17,0.0,89,72,True,29,12km+,11-20m,
920,Unknown,Low,Clear,Bike,3.23,7,7.0,14,7,False,0,3-7km,<=10m,5y+
625,Morning,Low,Clear,Car,12.56,22,8.0,49,27,False,0,12km+,21-30m,5y+
875,Morning,Medium,Snowy,Bike,1.0,28,0.0,51,23,False,0,0-3km,21-30m,
761,Morning,Low,Clear,Bike,3.46,24,6.0,37,13,False,0,3-7km,21-30m,5y+
387,Morning,Low,Snowy,Car,6.0,20,8.0,53,33,False,0,3-7km,11-20m,5y+
973,Morning,Medium,Clear,Scooter,14.79,12,9.0,64,52,True,4,12km+,11-20m,5y+
510,Morning,High,Snowy,Car,14.65,19,3.0,95,76,True,35,12km+,11-20m,1-3y
268,Afternoon,Medium,Clear,Bike,14.2,17,1.0,73,56,True,13,12km+,11-20m,<=1y
820,Afternoon,Low,Clear,Bike,7.04,11,8.0,38,27,False,0,7-12km,11-20m,5y+
442,Afternoon,Unknown,Clear,Car,19.74,16,1.0,98,82,True,38,12km+,11-20m,<=1y
497,Evening,Medium,Rainy,Bike,11.88,20,8.0,69,49,True,9,7-12km,11-20m,5y+
113,Evening,Low,Clear,Bike,18.63,26,8.0,75,49,True,15,12km+,21-30m,5y+
692,Afternoon,Medium,Rainy,Bike,8.8,6,2.0,38,32,False,0,7-12km,<=10m,1-3y
233,Morning,High,Clear,Bike,11.75,9,2.0,55,46,False,0,7-12km,<=10m,1-3y
870,Morning,Low,Snowy,Car,18.95,27,0.0,92,65,True,32,12km+,21-30m,
608,Morning,Low,Foggy,Bike,7.6,16,4.0,48,32,False,0,7-12km,11-20m,3-5y
672,Morning,Low,Foggy,Car,17.99,11,2.0,84,73,True,24,12km+,11-20m,1-3y
374,Evening,Medium,Clear,Bike,13.82,21,9.0,72,51,True,12,12km+,21-30m,5y+
982,Evening,Low,Foggy,Bike,15.53,26,7.0,68,42,True,8,12km+,21-30m,5y+
843,Afternoon,High,Clear,Bike,3.97,19,8.0,40,21,False,0,3-7km,11-20m,5y+
234,Morning,High,Clear,Car,10.1,17,6.0,55,38,False,0,7-12km,11-20m,5y+
786,Morning,Low,Foggy,Bike,18.21,5,1.0,70,65,True,10,12km+,<=10m,<=1y
677,Morning,Low,Clear,Bike,2.68,16,8.0,25,9,False,0,0-3km,11-20m,5y+
318,Morning,Low,Snowy,Bike,3.88,9,6.0,33,24,False,0,3-7km,<=10m,5y+
649,Afternoon,Medium,Snowy,Car,15.89,15,9.0,91,76,True,31,12km+,11-20m,5y+
411,Afternoon,Medium,Clear,Bike,6.73,21,1.0,54,33,False,0,3-7km,21-30m,<=1y
899,Afternoon,Medium,Clear,Bike,0.75,10,5.0,16,6,False,0,0-3km,<=10m,3-5y
710,Night,Low,Rainy,Scooter,13.79,11,0.0,69,58,True,9,12km+,11-20m,
359,Evening,Medium,Clear,Scooter,18.83,5,8.0,69,64,True,9,12km+,<=10m,5y+
259,Afternoon,Low,Clear,Bike,11.62,9,8.0,33,24,False,0,7-12km,<=10m,5y+
745,Morning,Medium,Clear,Bike,5.03,17,5.0,38,21,False,0,3-7km,11-20m,3-5y
628,Evening,Medium,Rainy,Scooter,15.08,26,1.0,94,68,True,34,12km+,21-30m,<=1y
633,Afternoon,Low,Rainy,Car,10.48,10,7.0,45,35,False,0,7-12km,<=10m,5y+
283,Evening,Medium,Rainy,Bike,7.82,16,8.0,45,29,False,0,7-12km,11-20m,5y+
377,Unknown,Low,Clear,Bike,16.98,11,6.0,78,67,True,18,12km+,11-20m,5y+
385,Morning,Low,Rainy,Car,14.83,19,4.0,126,107,True,66,12km+,11-20m,3-5y
225,Morning,Low,Clear,Scooter,5.67,11,9.0,27,16,False,0,3-7km,11-20m,5y+
954,Morning,Medium,Snowy,Scooter,18.33,5,5.0,67,62,True,7,12km+,<=10m,3-5y
815,Morning,Medium,Clear,Scooter,17.46,6,5.0,62,56,True,2,12km+,<=10m,3-5y
473,Evening,High,Foggy,Bike,1.34,9,5.0,30,21,False,0,0-3km,<=10m,3-5y
348,Morning,Low,Clear,Scooter,1.38,13,9.0,17,4,False,0,0-3km,11-20m,5y+
506,Unknown,Low,Clear,Bike,3.67,9,0.0,26,17,False,0,3-7km,<=10m,
640,Morning,Medium,Windy,Car,7.86,22,2.0,55,33,False,0,7-12km,21-30m,1-3y
988,Afternoon,Medium,Clear,Scooter,8.98,22,8.0,105,83,True,45,7-12km,21-30m,5y+
929,Evening,Medium,Rainy,Scooter,12.85,6,7.0,61,55,True,1,12km+,<=10m,5y+
906,Afternoon,Low,Clear,Bike,17.91,6,7.0,68,62,True,8,12km+,<=10m,5y+
620,Morning,Low,Snowy,Car,15.09,20,7.0,68,48,True,8,12km+,11-20m,5y+
856,Morning,Medium,Clear,Bike,4.22,16,7.0,35,19,False,0,3-7km,11-20m,5y+
804,Night,High,Clear,Bike,12.33,7,2.0,101,94,True,41,12km+,<=10m,1-3y
646,Morning,Low,Snowy,Scooter,17.87,29,4.0,87,58,True,27,12km+,21-30m,3-5y
847,Night,Medium,Clear,Car,2.16,10,1.0,23,13,False,0,0-3km,<=10m,<=1y
557,Morning,Medium,Rainy,Scooter,3.11,21,1.0,43,22,False,0,3-7km,21-30m,<=1y
958,Afternoon,High,Clear,Scooter,1.42,24,2.0,40,16,False,0,0-3km,21-30m,1-3y
578,Afternoon,Medium,Rainy,Bike,18.57,16,7.0,89,73,True,29,12km+,11-20m,5y+
796,Evening,Medium,Clear,Bike,17.51,15,3.0,60,45,False,0,12km+,11-20m,1-3y
86,Evening,Medium,Clear,Bike,6.84,25,1.0,51,26,False,0,3-7km,21-30m,<=1y
243,Afternoon,Medium,Snowy,Scooter,18.34,22,5.0,91,69,True,31,12km+,21-30m,3-5y
699,Night,Medium,Windy,Bike,3.51,22,2.0,44,22,False,0,3-7km,21-30m,1-3y
160,Morning,Medium,Clear,Scooter,14.7,6,2.0,58,52,False,0,12km+,<=10m,1-3y
525,Morning,High,Clear,Car,16.85,17,4.0,71,54,True,11,12km+,11-20m,3-5y
36,Morning,Low,Rainy,Car,16.26,27,5.0,66,39,True,6,12km+,21-30m,3-5y
541,Morning,Medium,Snowy,Bike,19.1,25,6.0,90,65,True,30,12km+,21-30m,5y+
171,Evening,Medium,Rainy,Bike,13.71,22,9.0,64,42,True,4,12km+,21-30m,5y+
655,Unknown,Medium,Clear,Bike,8.92,10,1.0,51,41,False,0,7-12km,<=10m,<=1y
891,Evening,Low,Clear,Bike,14.58,23,0.0,70,47,True,10,12km+,21-30m,
858,Afternoon,Low,Clear,Car,9.71,27,5.0,61,34,True,1,7-12km,21-30m,3-5y
848,Afternoon,Low,Clear,Bike,19.94,26,6.0,83,57,True,23,12km+,21-30m,5y+
945,Morning,Medium,Snowy,Scooter,4.53,18,4.0,49,31,False,0,3-7km,11-20m,3-5y
734,Afternoon,High,Clear,Car,10.7,8,4.0,57,49,False,0,7-12km,<=10m,3-5y
96,Evening,Medium,Clear,Bike,10.13,22,0.0,65,43,True,5,7-12km,21-30m,
564,Afternoon,Low,Clear,Bike,0.78,11,0.0,18,7,False,0,0-3km,11-20m,
241,Afternoon,Medium,Foggy,Scooter,18.84,25,8.0,88,63,True,28,12km+,21-30m,5y+
743,Evening,Low,Snowy,Bike,15.08,29,7.0,84,55,True,24,12km+,21-30m,5y+
575,Evening,Low,Clear,Scooter,17.32,10,3.0,77,67,True,17,12km+,<=10m,1-3y
691,Evening,Medium,Clear,Bike,6.81,23,2.0,47,24,False,0,3-7km,21-30m,1-3y
461,Morning,High,Clear,Bike,2.79,23,7.0,38,15,False,0,0-3km,21-30m,5y+
554,Afternoon,High,Foggy,Car,11.44,14,4.0,74,60,True,14,7-12km,11-20m,3-5y
889,Evening,High,Snowy,Bike,2.44,13,9.0,39,26,False,0,0-3km,11-20m,5y+
207,Evening,Low,Rainy,Scooter,2.48,20,8.0,30,10,False,0,0-3km,11-20m,5y+
393,Evening,Medium,Unknown,Scooter,7.75,21,1.0,55,34,False,0,7-12km,21-30m,<=1y
795,Morning,Medium,Clear,Bike,0.85,9,8.0,17,8,False,0,0-3km,<=10m,5y+
398,Evening,Low,Clear,Bike,8.87,19,3.0,55,36,False,0,7-12km,11-20m,1-3y
767,Afternoon,Medium,Snowy,Car,15.37,15,5.0,66,51,True,6,12km+,11-20m,3-5y
849,Evening,Medium,Foggy,Scooter,10.29,25,4.0,67,42,True,7,7-12km,21-30m,3-5y
218,Morning,Low,Rainy,Bike,15.06,22,4.0,65,43,True,5,12km+,21-30m,3-5y
5,Unknown,Low,Foggy,Bike,3.54,23,7.0,37,14,False,0,3-7km,21-30m,5y+
769,Morning,Medium,Clear,Scooter,7.17,7,9.0,29,22,False,0,7-12km,<=10m,5y+
643,Afternoon,Medium,Rainy,Car,4.62,8,3.0,33,25,False,0,3-7km,<=10m,1-3y
930,Morning,Low,Clear,Car,5.53,10,8.0,27,17,False,0,3-7km,<=10m,5y+
613,Afternoon,Low,Rainy,Bike,12.74,17,9.0,63,46,True,3,12km+,11-20m,5y+
739,Evening,High,Clear,Bike,9.06,26,3.0,61,35,True,1,7-12km,21-30m,1-3y
547,Morning,Low,Foggy,Bike,2.71,6,0.0,28,22,False,0,0-3km,<=10m,
726,Night,Low,Clear,Bike,16.92,23,5.0,78,55,True,18,12km+,21-30m,3-5y
684,Morning,Low,Foggy,Bike,13.54,11,1.0,54,43,False,0,12km+,11-20m,<=1y
99,Morning,Medium,Snowy,Bike,1.0,25,4.0,44,19,False,0,0-3km,21-30m,3-5y
805,Morning,Medium,Clear,Car,8.77,12,2.0,42,30,False,0,7-12km,11-20m,1-3y
728,Morning,Low,Windy,Car,16.01,28,0.0,84,56,True,24,12km+,21-30m,
574,Night,Medium,Foggy,Scooter,12.63,8,8.0,49,41,False,0,12km+,<=10m,5y+
407,Evening,Low,Foggy,Car,8.09,22,2.0,56,34,False,0,7-12km,21-30m,1-3y
503,Night,Medium,Clear,Bike,6.54,10,7.0,39,29,False,0,3-7km,<=10m,5y+
48,Afternoon,Medium,Clear,Scooter,10.64,14,5.0,45,31,False,0,7-12km,11-20m,3-5y
33,Evening,Medium,Clear,Bike,1.77,14,9.0,22,8,False,0,0-3km,11-20m,5y+
780,Evening,Low,Foggy,Bike,13.0,25,7.0,77,52,True,17,12km+,21-30m,5y+
840,Evening,Low,Clear,Bike,12.83,5,8.0,50,45,False,0,12km+,<=10m,5y+
201,Afternoon,High,Snowy,Car,13.02,6,9.0,65,59,True,5,12km+,<=10m,5y+
135,Morning,Medium,Rainy,Scooter,18.89,22,1.0,74,52,True,14,12km+,21-30m,<=1y
28,Evening,High,Foggy,Bike,10.53,25,8.0,72,47,True,12,7-12km,21-30m,5y+
881,Afternoon,Low,Rainy,Bike,5.01,10,5.0,31,21,False,0,3-7km,<=10m,3-5y
231,Afternoon,Medium,Foggy,Scooter,16.0,13,3.0,65,52,True,5,12km+,11-20m,1-3y
490,Afternoon,Low,Clear,Scooter,17.86,16,8.0,83,67,True,23,12km+,11-20m,5y+
773,Afternoon,High,Foggy,Bike,2.99,9,5.0,90,81,True,30,0-3km,<=10m,3-5y
379,Morning,Medium,Clear,Bike,16.38,6,2.0,51,45,False,0,12km+,<=10m,1-3y
289,Night,Medium,Clear,Bike,6.09,7,4.0,27,20,False,0,3-7km,<=10m,3-5y
419,Morning,Low,Clear,Bike,13.61,26,0.0,66,40,True,6,12km+,21-30m,
675,Evening,High,Snowy,Bike,8.5,14,7.0,56,42,False,0,7-12km,11-20m,5y+
392,Evening,Low,Clear,Scooter,8.55,28,8.0,46,18,False,0,7-12km,21-30m,5y+
593,Afternoon,Medium,Clear,Scooter,4.05,21,5.0,39,18,False,0,3-7km,21-30m,3-5y
499,Morning,High,Clear,Bike,19.5,18,2.0,73,55,True,13,12km+,11-20m,1-3y
139,Afternoon,Unknown,Clear,Scooter,7.59,16,3.0,37,21,False,0,7-12km,11-20m,1-3y
63,Afternoon,High,Snowy,Scooter,16.66,29,7.0,95,66,True,35,12km+,21-30m,5y+
472,Evening,High,Snowy,Car,19.41,21,3.0,100,79,True,40,12km+,21-30m,1-3y
648,Afternoon,Medium,Foggy,Bike,13.74,6,1.0,56,50,False,0,12km+,<=10m,<=1y
129,Night,High,Clear,Bike,0.64,10,3.0,24,14,False,0,0-3km,<=10m,1-3y
977,Afternoon,High,Clear,Bike,12.1,11,0.0,53,42,False,0,12km+,11-20m,
521,Morning,Medium,Clear,Car,12.09,13,1.0,60,47,False,0,12km+,11-20m,<=1y
839,Night,Medium,Windy,Bike,11.82,24,7.0,77,53,True,17,7-12km,21-30m,5y+
963,Morning,Low,Foggy,Bike,5.28,27,6.0,53,26,False,0,3-7km,21-30m,5y+
65,Evening,Low,Clear,Car,5.98,22,9.0,35,13,False,0,3-7km,21-30m,5y+
813,Morning,Medium,Clear,Bike,2.93,24,8.0,94,70,True,34,0-3km,21-30m,5y+
15,Evening,Medium,Snowy,Scooter,4.05,19,2.0,50,31,False,0,3-7km,11-20m,1-3y
157,Unknown,Low,Clear,Scooter,13.61,12,2.0,43,31,False,0,12km+,11-20m,1-3y
41,Morning,Unknown,Rainy,Car,2.88,16,4.0,41,25,False,0,0-3km,11-20m,3-5y
493,Evening,Medium,Clear,Scooter,5.91,29,4.0,57,28,False,0,3-7km,21-30m,3-5y
380,Evening,Medium,Rainy,Scooter,6.0,21,2.0,47,26,False,0,3-7km,21-30m,1-3y
188,Afternoon,Medium,Clear,Scooter,11.33,29,7.0,77,48,True,17,7-12km,21-30m,5y+
764,Morning,Medium,Clear,Bike,15.01,15,6.0,64,49,True,4,12km+,11-20m,5y+
217,Morning,High,Clear,Bike,6.85,16,5.0,48,32,False,0,3-7km,11-20m,3-5y
792,Morning,High,Snowy,Car,11.93,7,1.0,75,68,True,15,7-12km,<=10m,<=1y
53,Morning,Low,Windy,Car,18.82,5,3.0,77,72,True,17,12km+,<=10m,1-3y
879,Afternoon,Medium,Clear,Bike,1.03,19,4.0,29,10,False,0,0-3km,11-20m,3-5y
338,Evening,Unknown,Rainy,Car,14.22,25,8.0,84,59,True,24,12km+,21-30m,5y+
749,Unknown,High,Snowy,Bike,18.18,17,3.0,85,68,True,25,12km+,11-20m,1-3y
720,Morning,Low,Clear,Car,14.75,10,7.0,62,52,True,2,12km+,<=10m,5y+
725,Afternoon,Low,Rainy,Bike,11.7,17,5.0,60,43,False,0,7-12km,11-20m,3-5y
296,Morning,Low,Clear,Bike,10.68,14,1.0,42,28,False,0,7-12km,11-20m,<=1y
702,Evening,High,Clear,Bike,1.51,26,1.0,44,18,False,0,0-3km,21-30m,<=1y
252,Morning,High,Clear,Bike,8.01,8,6.0,48,40,False,0,7-12km,<=10m,5y+
727,Morning,Low,Rainy,Car,3.23,25,7.0,42,17,False,0,3-7km,21-30m,5y+
462,Morning,High,Rainy,Scooter,13.16,25,8.0,68,43,True,8,12km+,21-30m,5y+
456,Morning,Low,Windy,Bike,10.11,11,4.0,44,33,False,0,7-12km,11-20m,3-5y
997,Afternoon,Low,Windy,Bike,18.39,24,6.0,74,50,True,14,12km+,21-30m,5y+
816,Afternoon,Medium,Windy,Car,10.62,22,5.0,54,32,False,0,7-12km,21-30m,3-5y
863,Afternoon,Unknown,Clear,Bike,10.73,7,5.0,57,50,False,0,7-12km,<=10m,3-5y
270,Evening,Medium,Clear,Car,6.23,20,1.0,51,31,False,0,3-7km,11-20m,<=1y
202,Afternoon,Low,Clear,Bike,2.14,25,1.0,36,11,False,0,0-3km,21-30m,<=1y
162,Morning,Medium,Clear,Bike,12.83,19,2.0,76,57,True,16,12km+,11-20m,1-3y
556,Evening,High,Clear,Scooter,8.37,13,7.0,42,29,False,0,7-12km,11-20m,5y+
730,Afternoon,Medium,Rainy,Bike,3.69,8,8.0,27,19,False,0,3-7km,<=10m,5y+
402,Morning,Low,Clear,Scooter,18.1,8,5.0,77,69,True,17,12km+,<=10m,3-5y
703,Afternoon,Low,Clear,Scooter,7.06,26,5.0,51,25,False,0,7-12km,21-30m,3-5y
477,Night,Low,Foggy,Bike,1.94,10,1.0,25,15,False,0,0-3km,<=10m,<=1y
822,Afternoon,Low,Clear,Bike,0.59,21,0.0,27,6,False,0,0-3km,21-30m,
772,Night,Low,Snowy,Bike,17.01,28,6.0,97,69,True,37,12km+,21-30m,5y+
106,Afternoon,Low,Clear,Scooter,5.36,11,4.0,30,19,False,0,3-7km,11-20m,3-5y
566,Evening,Low,Clear,Car,12.0,25,0.0,75,50,True,15,7-12km,21-30m,
390,Evening,Medium,Clear,Bike,16.23,6,0.0,54,48,False,0,12km+,<=10m,
2,Evening,Low,Rainy,Car,19.04,12,6.0,60,48,False,0,12km+,11-20m,5y+
938,Morning,Medium,Foggy,Scooter,18.33,19,0.0,98,79,True,38,12km+,11-20m,
983,Morning,Medium,Clear,Scooter,2.58,25,7.0,37,12,False,0,0-3km,21-30m,5y+
562,Evening,Medium,Clear,Bike,4.65,21,1.0,46,25,False,0,3-7km,21-30m,<=1y
81,Evening,Low,Snowy,Scooter,17.33,12,3.0,79,67,True,19,12km+,11-20m,1-3y
206,Evening,High,Snowy,Bike,0.68,29,8.0,50,21,False,0,0-3km,21-30m,5y+
35,Morning,Medium,Clear,Bike,19.33,7,8.0,73,66,True,13,12km+,<=10m,5y+
776,Night,Medium,Clear,Car,3.42,11,9.0,24,13,False,0,3-7km,11-20m,5y+
509,Evening,High,Rainy,Scooter,19.02,22,1.0,106,84,True,46,12km+,21-30m,<=1y
428,Evening,High,Windy,Bike,17.81,21,4.0,122,101,True,62,12km+,21-30m,3-5y
455,Night,Medium,Clear,Car,2.67,17,6.0,28,11,False,0,0-3km,11-20m,5y+
367,Unknown,Low,Snowy,Bike,19.24,26,1.0,114,88,True,54,12km+,21-30m,<=1y
92,Night,Unknown,Rainy,Bike,14.41,16,6.0,85,69,True,25,12km+,11-20m,5y+
340,Evening,Medium,Unknown,Bike,2.41,15,9.0,25,10,False,0,0-3km,11-20m,5y+
898,Evening,Low,Clear,Bike,17.98,5,8.0,45,40,False,0,12km+,<=10m,5y+
565,Afternoon,Medium,Foggy,Bike,7.34,22,5.0,93,71,True,33,7-12km,21-30m,3-5y
346,Evening,Medium,Clear,Bike,12.51,18,5.0,62,44,True,2,12km+,11-20m,3-5y
777,Evening,Low,Rainy,Bike,4.97,17,9.0,34,17,False,0,3-7km,11-20m,5y+
242,Afternoon,Low,Snowy,Bike,19.1,18,1.0,101,83,True,41,12km+,11-20m,<=1y
14,Afternoon,Low,Clear,Bike,4.64,15,9.0,24,9,False,0,3-7km,11-20m,5y+
316,Evening,Low,Rainy,Bike,14.07,10,5.0,63,53,True,3,12km+,<=10m,3-5y
601,Morning,Medium,Clear,Bike,3.79,13,2.0,34,21,False,0,3-7km,11-20m,1-3y
388,Afternoon,Medium,Clear,Bike,3.96,23,5.0,44,21,False,0,3-7km,21-30m,3-5y
274,Afternoon,Medium,Clear,Bike,18.31,25,3.0,79,54,True,19,12km+,21-30m,1-3y
167,Night,Medium,Foggy,Bike,6.76,7,6.0,42,35,False,0,3-7km,<=10m,5y+
841,Afternoon,Low,Clear,Car,0.76,26,9.0,28,2,False,0,0-3km,21-30m,5y+
993,Evening,Medium,Rainy,Bike,5.81,14,8.0,41,27,False,0,3-7km,11-20m,5y+
647,Afternoon,High,Clear,Scooter,12.08,16,4.0,60,44,False,0,12km+,11-20m,3-5y
819,Evening,Low,Rainy,Car,1.57,16,1.0,30,14,False,0,0-3km,11-20m,<=1y
485,Afternoon,Medium,Clear,Bike,11.89,28,0.0,79,51,True,19,7-12km,21-30m,
981,Evening,Medium,Clear,Car,7.02,23,2.0,53,30,False,0,7-12km,21-30m,1-3y
505,Evening,Low,Clear,Bike,13.85,29,5.0,71,42,True,11,12km+,21-30m,3-5y
832,Evening,Medium,Rainy,Scooter,9.32,24,2.0,71,47,True,11,7-12km,21-30m,1-3y
244,Evening,High,Foggy,Bike,7.72,19,4.0,64,45,True,4,7-12km,11-20m,3-5y
567,Afternoon,Low,Rainy,Bike,8.15,26,2.0,50,24,False,0,7-12km,21-30m,1-3y
876,Afternoon,Medium,Rainy,Scooter,3.54,17,4.0,41,24,False,0,3-7km,11-20m,3-5y
563,Morning,Low,Snowy,Car,3.16,9,5.0,27,18,False,0,3-7km,<=10m,3-5y
687,Night,Low,Windy,Bike,11.65,10,3.0,53,43,False,0,7-12km,<=10m,1-3y
190,Unknown,Medium,Snowy,Scooter,5.22,14,3.0,43,29,False,0,3-7km,11-20m,1-3y
783,Morning,High,Clear,Scooter,5.41,17,6.0,38,21,False,0,3-7km,11-20m,5y+
700,Morning,Medium,Rainy,Car,9.88,7,0.0,43,36,False,0,7-12km,<=10m,
476,Evening,High,Rainy,Bike,19.86,12,8.0,71,59,True,11,12km+,11-20m,5y+
682,Morning,High,Windy,Bike,5.53,23,4.0,59,36,False,0,3-7km,21-30m,3-5y
511,Afternoon,Low,Foggy,Bike,12.46,10,1.0,62,52,True,2,12km+,<=10m,<=1y
59,Morning,Medium,Clear,Car,1.38,6,3.0,17,11,False,0,0-3km,<=10m,1-3y
475,Evening,Medium,Clear,Scooter,10.79,24,1.0,65,41,True,5,7-12km,21-30m,<=1y
561,Afternoon,Medium,Clear,Scooter,14.23,23,7.0,70,47,True,10,12km+,21-30m,5y+
857,Afternoon,Low,Snowy,Bike,1.21,22,1.0,39,17,False,0,0-3km,21-30m,<=1y
748,Afternoon,Low,Clear,Bike,11.1,18,7.0,56,38,False,0,7-12km,11-20m,5y+
253,Evening,Medium,Clear,Bike,17.1,25,5.0,65,40,True,5,12km+,21-30m,3-5y
22,Afternoon,Medium,Clear,Bike,3.22,19,9.0,32,13,False,0,3-7km,11-20m,5y+
314,Morning,Medium,Foggy,Car,19.27,29,9.0,85,56,True,25,12km+,21-30m,5y+
460,Evening,Medium,Rainy,Scooter,2.82,10,1.0,29,19,False,0,0-3km,<=10m,<=1y
161,Afternoon,Medium,Foggy,Scooter,7.67,22,8.0,59,37,False,0,7-12km,21-30m,5y+
277,Evening,Medium,Clear,Bike,16.07,16,5.0,64,48,True,4,12km+,11-20m,3-5y
956,Evening,Medium,Windy,Scooter,7.97,9,8.0,35,26,False,0,7-12km,<=10m,5y+
192,Night,High,Rainy,Car,18.0,22,5.0,98,76,True,38,12km+,21-30m,3-5y
386,Evening,Medium,Clear,Scooter,16.17,12,2.0,78,66,True,18,12km+,11-20m,1-3y
806,Night,High,Unknown,Scooter,14.86,15,4.0,91,76,True,31,12km+,11-20m,3-5y
414,Afternoon,Unknown,Clear,Scooter,11.68,25,7.0,70,45,True,10,7-12km,21-30m,5y+
492,Evening,Low,Clear,Scooter,12.59,10,2.0,39,29,False,0,12km+,<=10m,1-3y
344,Morning,Unknown,Snowy,Car,8.96,6,5.0,51,45,False,0,7-12km,<=10m,3-5y
770,Morning,Medium,Clear,Bike,16.51,7,1.0,79,72,True,19,12km+,<=10m,<=1y
309,Afternoon,Low,Clear,Car,16.01,12,4.0,72,60,True,12,12km+,11-20m,3-5y
662,Afternoon,High,Rainy,Scooter,19.74,11,7.0,81,70,True,21,12km+,11-20m,5y+
131,Evening,Low,Snowy,Bike,8.64,29,4.0,62,33,True,2,7-12km,21-30m,3-5y
664,Morning,Medium,Clear,Car,5.13,16,1.0,38,22,False,0,3-7km,11-20m,<=1y
872,Morning,High,Clear,Bike,5.78,11,5.0,38,27,False,0,3-7km,11-20m,3-5y
100,Afternoon,Low,Clear,Bike,2.6,16,1.0,29,13,False,0,0-3km,11-20m,<=1y
373,Morning,Medium,Foggy,Bike,2.34,8,2.0,28,20,False,0,0-3km,<=10m,1-3y
88,Morning,Medium,Clear,Scooter,12.93,20,8.0,58,38,False,0,12km+,11-20m,5y+
459,Evening,Medium,Clear,Bike,1.6,14,8.0,24,10,False,0,0-3km,11-20m,5y+
331,Evening,Low,Rainy,Bike,7.44,27,5.0,53,26,False,0,7-12km,21-30m,3-5y
215,Morning,Medium,Rainy,Scooter,14.39,6,5.0,50,44,False,0,12km+,<=10m,3-5y
467,Afternoon,Low,Unknown,Bike,6.07,18,4.0,35,17,False,0,3-7km,11-20m,3-5y
122,Morning,Medium,Windy,Scooter,17.97,28,7.0,92,64,True,32,12km+,21-30m,5y+
615,Afternoon,Low,Clear,Bike,17.53,14,6.0,79,65,True,19,12km+,11-20m,5y+
21,Morning,High,Rainy,Bike,12.43,13,6.0,70,57,True,10,12km+,11-20m,5y+
701,Evening,Medium,Windy,Bike,10.89,7,0.0,58,51,False,0,7-12km,<=10m,
72,Evening,Medium,Clear,Scooter,4.37,6,7.0,25,19,False,0,3-7km,<=10m,5y+
107,Evening,High,Clear,Car,8.5,13,3.0,54,41,False,0,7-12km,11-20m,1-3y
271,Morning,Low,Rainy,Scooter,16.28,8,9.0,71,63,True,11,12km+,<=10m,5y+
861,Evening,High,Snowy,Scooter,15.62,26,2.0,81,55,True,21,12km+,21-30m,1-3y
436,Afternoon,Low,Clear,Bike,14.17,8,0.0,55,47,False,0,12km+,<=10m,
103,Night,Low,Foggy,Scooter,6.63,24,3.0,58,34,False,0,3-7km,21-30m,1-3y
